rank,Name,Team,O-Swing%,Z-Swing%,Swing%,O-Contact%,Z-Contact%,Contact%,Zone%,F-Strike%,SwStr%,CStr%,CSW%
1,Cam Schlittler,NYY,0.43243243,0.73796791,0.57212714,0.58333333,0.79710145,0.70940171,0.45721271,0.68571429,0.16545012,0.12408759,0.28953771
2,Cristopher Sánchez,PHI,0.36090226,0.66331658,0.49032258,0.54166667,0.81818182,0.70175439,0.42795699,0.67479675,0.14623656,0.15913978,0.30537634
3,José Soriano,LAA,0.36700337,0.55376344,0.4389234,0.53211009,0.89320388,0.70754717,0.38509317,0.575,0.12836439,0.19461698,0.32298137
4,Tarik Skubal,DET,0.3625498,0.65789474,0.48979592,0.58241758,0.808,0.71296296,0.430839,0.6440678,0.14027149,0.15837104,0.29864253
5,Taj Bradley,MIN,0.28268551,0.69724771,0.46307385,0.5625,0.85526316,0.75431034,0.43512974,0.58474576,0.11377246,0.16367265,0.27744511
6,Braxton Ashcraft,PIT,0.35678392,0.66901408,0.48680352,0.54929577,0.85263158,0.72289157,0.41642229,0.59340659,0.13489736,0.15835777,0.29325513
7,Joe Ryan,MIN,0.344,0.68686869,0.49553571,0.6627907,0.80882353,0.75225225,0.44196429,0.65420561,0.12276786,0.15178571,0.27455357
8,Bryan Woo,SEA,0.34031414,0.77922078,0.53623188,0.63076923,0.85,0.77297297,0.44637681,0.62886598,0.12173913,0.13913043,0.26086957
9,Jeffrey Springs,ATH,0.28780488,0.56707317,0.41192412,0.6779661,0.84946237,0.78289474,0.44444444,0.63736264,0.08943089,0.20596206,0.29539295
10,Seth Lugo,KCR,0.32338308,0.68711656,0.48626374,0.73846154,0.84821429,0.8079096,0.4478022,0.65217391,0.09340659,0.17032967,0.26373626
11,Parker Messick,CLE,0.375,0.68493151,0.5,0.66666667,0.89,0.79005525,0.40331492,0.65591398,0.1046832,0.15977961,0.26446281
12,Nick Pivetta,SDP,0.40697674,0.61261261,0.48763251,0.62857143,0.89705882,0.76086957,0.39222615,0.60606061,0.11660777,0.16254417,0.27915194
13,Max Fried,NYY,0.3099631,0.61538462,0.43776824,0.71428571,0.88333333,0.81372549,0.41845494,0.52755906,0.08154506,0.19313305,0.27467811
14,Kevin Gausman,TOR,0.40930233,0.75362319,0.54390935,0.56818182,0.80769231,0.69791667,0.39093484,0.63636364,0.16430595,0.14164306,0.30594901
15,Dylan Cease,TOR,0.33864542,0.68656716,0.45974026,0.48235294,0.72826087,0.61016949,0.34805195,0.52808989,0.17922078,0.14025974,0.31948052
16,Tyler Glasnow,LAD,0.29906542,0.62721893,0.44386423,0.484375,0.87735849,0.72941176,0.44125326,0.64210526,0.12010444,0.19321149,0.31331593
17,Reid Detmers,LAA,0.39823009,0.66463415,0.51025641,0.62222222,0.82568807,0.73366834,0.42051282,0.60638298,0.13554987,0.16112532,0.29667519
18,Keider Montero,DET,0.27027027,0.66086957,0.46902655,0.7,0.88157895,0.83018868,0.50884956,0.65079365,0.07964602,0.18584071,0.26548673
19,Logan Gilbert,SEA,0.31102362,0.67149758,0.47288503,0.53164557,0.85611511,0.73853211,0.44902386,0.69565217,0.12364425,0.17787419,0.30151844
20,Shota Imanaga,CHC,0.44247788,0.67586207,0.53369272,0.57,0.81632653,0.69191919,0.39083558,0.62195122,0.16397849,0.13172043,0.29569892
21,Nolan McLean,NYM,0.25837321,0.58282209,0.40053763,0.55555556,0.86315789,0.75167785,0.43817204,0.59550562,0.09946237,0.22580645,0.32526882
22,Landen Roupp,SFG,0.29017857,0.66906475,0.43526171,0.63076923,0.88172043,0.77848101,0.38292011,0.61111111,0.09641873,0.16528926,0.26170799
23,Shohei Ohtani,LAD,0.37790698,0.66981132,0.48920863,0.61538462,0.84507042,0.73529412,0.38129496,0.52173913,0.1294964,0.14748201,0.27697842
24,Emerson Hancock,SEA,0.33163265,0.76923077,0.53424658,0.63076923,0.88461538,0.8,0.4630137,0.75294118,0.10684932,0.13424658,0.24109589
25,Trevor Rogers,BAL,0.34199134,0.73469388,0.49470899,0.59493671,0.84259259,0.73796791,0.38888889,0.63265306,0.1292876,0.14511873,0.27440633
26,Randy Vásquez,SDP,0.33649289,0.7,0.48148148,0.52112676,0.87755102,0.72781065,0.3988604,0.62222222,0.13105413,0.15669516,0.28774929
27,Framber Valdez,DET,0.34975369,0.71034483,0.5,0.73239437,0.96116505,0.86781609,0.41666667,0.68269231,0.06609195,0.17528736,0.24137931
28,Michael Wacha,KCR,0.35813953,0.63815789,0.47411444,0.7012987,0.81443299,0.76436782,0.41416894,0.70408163,0.11171662,0.17711172,0.28882834
29,Bryce Elder,ATL,0.31052632,0.66423358,0.4587156,0.61016949,0.89010989,0.78,0.41896024,0.62637363,0.10091743,0.18042813,0.28134557
30,Casey Mize,DET,0.3248731,0.66883117,0.47578348,0.609375,0.82524272,0.74251497,0.43874644,0.63829787,0.12250712,0.16239316,0.28490028
31,Mick Abel,MIN,0.36942675,0.64705882,0.48913043,0.5862069,0.88311688,0.75555556,0.43115942,0.71232877,0.11956522,0.1884058,0.30797101
32,Will Warren,NYY,0.2804878,0.64088398,0.43325527,0.68115942,0.84482759,0.78378378,0.42388759,0.57142857,0.09367681,0.20140515,0.29508197
33,Davis Martin,CHW,0.2849162,0.68639053,0.47988506,0.60784314,0.90517241,0.81437126,0.48563218,0.60638298,0.08908046,0.17241379,0.26149425
34,Jesús Luzardo,PHI,0.37168142,0.58974359,0.46073298,0.47619048,0.84782609,0.67045455,0.40837696,0.56122449,0.15183246,0.18062827,0.33246073
35,Edward Cabrera,CHC,0.32627119,0.68461538,0.45355191,0.55844156,0.8988764,0.74096386,0.35519126,0.56043956,0.11748634,0.14480874,0.26229508
36,Rhett Lowder,CIN,0.29842932,0.60493827,0.43909348,0.63157895,0.8877551,0.79354839,0.45892351,0.56382979,0.09039548,0.1920904,0.28248588
37,Steven Matz,TBR,0.29347826,0.67307692,0.46764706,0.59259259,0.83809524,0.75471698,0.45882353,0.58823529,0.11470588,0.16470588,0.27941176
38,Yoshinobu Yamamoto,LAD,0.35526316,0.72903226,0.50652742,0.55555556,0.83185841,0.71649485,0.40469974,0.6,0.14360313,0.13577023,0.27937337
39,Michael Soroka,ARI,0.35748792,0.63125,0.47683924,0.63513514,0.89108911,0.78285714,0.4359673,0.52688172,0.10354223,0.1880109,0.29155313
40,Carmen Mlodzinski,PIT,0.27516779,0.59405941,0.404,0.73170732,0.9,0.83168317,0.404,0.625,0.068,0.2,0.268
41,Hunter Brown,HOU,0.23,0.625,0.40555556,0.60869565,0.8,0.73972603,0.44444444,0.55813953,0.10555556,0.20555556,0.31111111
42,Joe Boyle,TBR,0.31543624,0.64035088,0.45627376,0.61702128,0.84931507,0.75833333,0.43346008,0.57575758,0.11026616,0.16730038,0.27756654
43,Logan Webb,SFG,0.32312925,0.68108108,0.46137787,0.71578947,0.9047619,0.82352941,0.38622129,0.60606061,0.08141962,0.17745303,0.25887265
44,Aaron Nola,PHI,0.33333333,0.61437908,0.45378151,0.66176471,0.82978723,0.75925926,0.42857143,0.67741935,0.1092437,0.19887955,0.30812325
45,Kyle Bradish,BAL,0.31775701,0.65734266,0.45378151,0.57352941,0.91489362,0.77160494,0.40056022,0.5,0.10364146,0.15686275,0.2605042
46,Kris Bubic,KCR,0.30348259,0.68571429,0.46041056,0.45901639,0.875,0.7133758,0.41055718,0.56179775,0.13196481,0.15542522,0.28739003
47,Jacob deGrom,TEX,0.37234043,0.71333333,0.52366864,0.55714286,0.8411215,0.72881356,0.44378698,0.62820513,0.14201183,0.14497041,0.28698225
48,MacKenzie Gore,TEX,0.28037383,0.68571429,0.44067797,0.5,0.90625,0.75,0.39548023,0.56470588,0.11016949,0.16101695,0.27118644
49,Joey Cantillo,CLE,0.2712766,0.60645161,0.42274052,0.56862745,0.81914894,0.73103448,0.45189504,0.55555556,0.11370262,0.18950437,0.303207
50,Chase Burns,CIN,0.34299517,0.70072993,0.48546512,0.61971831,0.77083333,0.70658683,0.39825581,0.57954545,0.14244186,0.14244186,0.28488372
51,Paul Skenes,PIT,0.34825871,0.71710526,0.50708215,0.7,0.82568807,0.77653631,0.4305949,0.625,0.11331445,0.14730878,0.26062323
52,George Kirby,SEA,0.39705882,0.703125,0.5237069,0.71296296,0.91111111,0.82304527,0.4137931,0.64341085,0.09247312,0.15268817,0.24516129
53,David Peterson,NYM,0.37037037,0.6171875,0.47003155,0.62857143,0.87341772,0.75838926,0.40378549,0.68041237,0.11285266,0.169279,0.28213166
54,Brandon Woodruff,MIL,0.35260116,0.69333333,0.51083591,0.62295082,0.89423077,0.79393939,0.46439628,0.67021277,0.10526316,0.17337461,0.27863777
55,Sandy Alcantara,MIA,0.2892562,0.68055556,0.47379913,0.6,0.82312925,0.75115207,0.47161572,0.64285714,0.11790393,0.17248908,0.29039301
56,Bailey Ober,MIN,0.32820513,0.70072993,0.48192771,0.75,0.83333333,0.8,0.4126506,0.51764706,0.09638554,0.15963855,0.2560241
57,Luis Castillo,SEA,0.33333333,0.73652695,0.51630435,0.68656716,0.86178862,0.8,0.45380435,0.73863636,0.10326087,0.13043478,0.23369565
58,Ranger Suarez,BOS,0.30845771,0.66141732,0.44512195,0.75806452,0.9047619,0.84246575,0.38719512,0.61627907,0.06969697,0.16666667,0.23636364
59,Walker Buehler,SDP,0.33888889,0.58715596,0.43252595,0.6557377,0.859375,0.76,0.37716263,0.67123288,0.10380623,0.19723183,0.30103806
60,Max Meyer,MIA,0.34920635,0.68666667,0.49852507,0.45454545,0.91262136,0.73372781,0.44247788,0.63636364,0.13274336,0.15929204,0.2920354
61,Mitch Keller,PIT,0.30808081,0.65909091,0.44848485,0.67213115,0.94252874,0.83108108,0.4,0.64444444,0.07575758,0.17575758,0.25151515
62,Andrew Painter,PHI,0.375,0.66129032,0.47701149,0.80952381,0.92682927,0.86746988,0.35632184,0.52380952,0.06321839,0.15517241,0.2183908
63,Michael King,SDP,0.32352941,0.63309353,0.44897959,0.63636364,0.86363636,0.76623377,0.40524781,0.58064516,0.10495627,0.16034985,0.26530612
64,Jack Flaherty,DET,0.20627803,0.63768116,0.37119114,0.58695652,0.86363636,0.76865672,0.38227147,0.55681818,0.08587258,0.17728532,0.26315789
65,Gavin Williams,CLE,0.31785714,0.66137566,0.45628998,0.47191011,0.864,0.70093458,0.40298507,0.56521739,0.13646055,0.17910448,0.31556503
66,Matthew Boyd,CHC,0.44117647,0.72881356,0.54658385,0.53333333,0.69767442,0.61363636,0.36645963,0.64864865,0.21118012,0.13043478,0.34161491
67,Andrew Abbott,CIN,0.28853755,0.66101695,0.44186047,0.65753425,0.8974359,0.80526316,0.41162791,0.56140351,0.08604651,0.1627907,0.24883721
68,Zac Gallen,ARI,0.36802974,0.64197531,0.47099768,0.78787879,0.89423077,0.84236453,0.37587007,0.64545455,0.07424594,0.16473318,0.23897912
69,Aaron Civale,ATH,0.27884615,0.66206897,0.43626062,0.67241379,0.875,0.7987013,0.41076487,0.56179775,0.0878187,0.17280453,0.26062323
70,Janson Junk,MIA,0.25136612,0.73142857,0.48603352,0.65217391,0.8828125,0.82183908,0.48882682,0.61290323,0.08659218,0.14804469,0.23463687
71,Yusei Kikuchi,LAA,0.30290456,0.69651741,0.48190045,0.5890411,0.85,0.76056338,0.45475113,0.61261261,0.11538462,0.15384615,0.26923077
72,Connelly Early,BOS,0.30660377,0.6013986,0.42535211,0.66153846,0.89534884,0.79470199,0.4028169,0.61904762,0.08732394,0.18873239,0.27605634
73,Ryan Weathers,NYY,0.36057692,0.58940397,0.45682451,0.66666667,0.84269663,0.76219512,0.42061281,0.64444444,0.10833333,0.19444444,0.30277778
74,Jack Kochanowicz,LAA,0.27317073,0.62874251,0.4327957,0.625,0.82857143,0.75776398,0.44892473,0.53535354,0.10455764,0.18230563,0.28686327
75,Lance McCullers Jr.,HOU,0.3317757,0.64122137,0.44927536,0.5915493,0.92857143,0.77419355,0.37971014,0.52325581,0.10144928,0.16521739,0.26666667
76,Jacob Misiorowski,MIL,0.34545455,0.62758621,0.45753425,0.48684211,0.76923077,0.64071856,0.39726027,0.60227273,0.16393443,0.16939891,0.33333333
77,Cade Cavalli,WSN,0.2742616,0.58333333,0.39694656,0.58461538,0.92307692,0.78205128,0.39694656,0.49462366,0.08629442,0.19796954,0.28426396
78,Kyle Freeland,COL,0.37908497,0.66666667,0.48995984,0.62068966,0.875,0.75409836,0.38554217,0.65671642,0.12,0.176,0.296
79,Dustin May,STL,0.3045977,0.62878788,0.44444444,0.8490566,0.89156627,0.875,0.43137255,0.54761905,0.05555556,0.20915033,0.26470588
80,Grant Holmes,ATL,0.30569948,0.69047619,0.45768025,0.45762712,0.87356322,0.70547945,0.39498433,0.56818182,0.13479624,0.14106583,0.27586207
81,Cade Povich,BAL,0.40740741,0.72093023,0.54639175,0.36363636,0.90322581,0.67924528,0.44329897,0.625,0.17525773,0.12371134,0.29896907
82,Shane Baz,BAL,0.3125,0.6626506,0.46791444,0.58461538,0.91818182,0.79428571,0.44385027,0.60824742,0.09625668,0.1657754,0.26203209
83,Justin Wrobleski,LAD,0.24358974,0.68888889,0.48214286,0.84210526,0.91935484,0.90123457,0.53571429,0.56521739,0.04733728,0.14792899,0.19526627
84,Chad Patrick,MIL,0.32692308,0.67058824,0.44813278,0.64705882,0.8245614,0.74074074,0.3526971,0.55555556,0.11618257,0.14107884,0.25726141
85,Michael McGreevy,STL,0.28078818,0.65068493,0.43553009,0.77192982,0.94736842,0.88157895,0.41833811,0.51219512,0.05157593,0.17765043,0.22922636
86,Freddy Peralta,NYM,0.31724138,0.67045455,0.45064378,0.59782609,0.81355932,0.71904762,0.3776824,0.625,0.12660944,0.16094421,0.28755365
87,Grant Taylor,CHW,0.4516129,0.6,0.52459016,0.5,0.88888889,0.71875,0.49180328,0.8125,0.14754098,0.21311475,0.36065574
88,Tanner Bibee,CLE,0.304,0.70224719,0.46962617,0.61842105,0.792,0.72636816,0.41588785,0.60747664,0.12850467,0.1635514,0.29205607
89,Drew Rasmussen,TBR,0.28301887,0.59440559,0.43046358,0.57777778,0.90588235,0.79230769,0.47350993,0.68918919,0.08940397,0.21523179,0.30463576
90,Jack Leiter,TEX,0.31308411,0.66459627,0.464,0.50746269,0.81308411,0.6954023,0.42933333,0.55555556,0.14133333,0.16533333,0.30666667
91,Nick Martinez,TBR,0.28042328,0.70322581,0.47093023,0.62264151,0.93577982,0.83333333,0.4505814,0.59782609,0.07826087,0.16811594,0.24637681
92,Clay Holmes,NYM,0.35051546,0.61935484,0.46991404,0.54411765,0.91666667,0.76219512,0.44412607,0.6344086,0.11174785,0.18051576,0.29226361
93,Chris Sale,ATL,0.37751004,0.64766839,0.49547511,0.69148936,0.816,0.76255708,0.43665158,0.65217391,0.11764706,0.19004525,0.30769231
94,Nathan Eovaldi,TEX,0.376,0.71578947,0.52272727,0.56382979,0.82352941,0.7173913,0.43181818,0.6557377,0.14772727,0.13181818,0.27954545
95,Coleman Crow,MIL,0.33333333,0.65789474,0.49350649,0.84615385,1.0,0.94736842,0.49350649,0.66666667,0.02597403,0.20779221,0.23376623
96,Peter Lambert,HOU,0.44444444,0.69444444,0.54444444,0.5,0.68,0.59183673,0.4,0.75,0.22222222,0.14444444,0.36666667
97,Eduardo Rodriguez,ARI,0.29906542,0.61935484,0.43360434,0.796875,0.86458333,0.8375,0.4200542,0.59375,0.07027027,0.18378378,0.25405405
98,Spencer Arrighetti,HOU,0.36923077,0.57142857,0.44,0.375,0.8,0.56818182,0.35,0.51851852,0.19,0.17,0.36
99,Kyle Harrison,MIL,0.37410072,0.6754386,0.50988142,0.59615385,0.8961039,0.7751938,0.45059289,0.66666667,0.11462451,0.15810277,0.27272727
100,Brady Singer,CIN,0.28823529,0.61151079,0.43365696,0.67346939,0.92941176,0.8358209,0.44983819,0.58333333,0.07119741,0.20064725,0.27184466
101,Foster Griffin,WSN,0.27638191,0.67549669,0.44857143,0.56363636,0.90196078,0.78343949,0.43142857,0.59770115,0.0968661,0.16524217,0.26210826
102,Jacob Latz,TEX,0.15625,0.63888889,0.41176471,0.2,0.7826087,0.67857143,0.52941176,0.5,0.13235294,0.20588235,0.33823529
103,Aaron Ashby,MIL,0.29166667,0.45,0.36363636,0.42857143,1.0,0.75,0.45454545,0.7,0.09090909,0.27272727,0.36363636
104,Adrian Houser,SFG,0.32682927,0.73972603,0.4985755,0.73134328,0.89814815,0.83428571,0.41595442,0.64356436,0.08262108,0.14245014,0.22507123
105,José Suarez,ATL,0.37209302,0.7826087,0.51515152,0.5,1.0,0.76470588,0.34848485,0.77777778,0.12121212,0.09090909,0.21212121
106,Reynaldo López,ATL,0.28865979,0.65942029,0.44277108,0.66071429,0.87912088,0.79591837,0.41566265,0.54761905,0.09009009,0.16216216,0.25225225
107,Kumar Rocker,TEX,0.35897436,0.73076923,0.50769231,0.60714286,0.88157895,0.76515152,0.4,0.52238806,0.11923077,0.10769231,0.22692308
108,Garrett Crochet,BOS,0.35885167,0.72222222,0.49552239,0.62666667,0.9010989,0.77710843,0.3761194,0.51086957,0.11044776,0.12537313,0.2358209
109,Anthony Kay,CHW,0.35658915,0.53968254,0.41666667,0.67391304,0.85294118,0.75,0.328125,0.73333333,0.10416667,0.19270833,0.296875
110,Tatsuya Imai,HOU,0.23134328,0.5915493,0.35609756,0.41935484,0.88095238,0.68493151,0.34634146,0.52272727,0.11165049,0.17961165,0.29126214
111,Brandon Young,BAL,0.29268293,0.64,0.42424242,0.66666667,0.9375,0.82142857,0.37878788,0.72222222,0.07575758,0.15151515,0.22727273
112,J.T. Ginn,ATH,0.29069767,0.6,0.41780822,0.48,0.94444444,0.75409836,0.4109589,0.42857143,0.10273973,0.20547945,0.30821918
113,Bubba Chandler,PIT,0.35680751,0.66412214,0.47383721,0.71052632,0.81609195,0.76687117,0.38081395,0.64705882,0.11014493,0.15362319,0.26376812
114,Shane McClanahan,TBR,0.26119403,0.57731959,0.39393939,0.51428571,0.89285714,0.74725275,0.41991342,0.49152542,0.0995671,0.17748918,0.27705628
115,Jake Irvin,WSN,0.26262626,0.66060606,0.44352617,0.61538462,0.85321101,0.77639752,0.45454545,0.59770115,0.09917355,0.17630854,0.27548209
116,Martín Pérez,ATL,0.33544304,0.55670103,0.41960784,0.79245283,0.88888889,0.8411215,0.38039216,0.56923077,0.06666667,0.20392157,0.27058824
117,Mason Englert,TBR,0.44444444,0.72413793,0.56923077,0.8125,0.9047619,0.86486486,0.44615385,0.73684211,0.07692308,0.15384615,0.23076923
118,Cody Ponce,TOR,0.52631579,1.0,0.61702128,0.35,0.77777778,0.48275862,0.19148936,0.8,0.31914894,0.0212766,0.34042553
119,Sonny Gray,BOS,0.28773585,0.67391304,0.44,0.63934426,0.93548387,0.81818182,0.39428571,0.64772727,0.08,0.16571429,0.24571429
120,Logan Henderson,MIL,0.36842105,0.75,0.54285714,0.57142857,0.83333333,0.73684211,0.45714286,0.55555556,0.14285714,0.11428571,0.25714286
121,Robbie Ray,SFG,0.34042553,0.67320261,0.47164948,0.5375,0.85436893,0.71584699,0.3943299,0.57954545,0.13402062,0.14175258,0.2757732
122,Sean Burke,CHW,0.31677019,0.62280702,0.44363636,0.84313725,0.95774648,0.90983607,0.41454545,0.63076923,0.04,0.17818182,0.21818182
123,Zach Pop,PHI,0.3,0.47058824,0.37837838,1.0,1.0,1.0,0.45945946,0.55555556,0.0,0.24324324,0.24324324
124,Colin Rea,CHC,0.40740741,0.68,0.49367089,0.86363636,0.88235294,0.87179487,0.3164557,0.65,0.06329114,0.15189873,0.21518987
125,Noah Schultz,CHW,0.25531915,0.54285714,0.37804878,0.83333333,0.78947368,0.80645161,0.42682927,0.75,0.07317073,0.24390244,0.31707317
126,Erick Fedde,CHW,0.28476821,0.70786517,0.44166667,0.62790698,0.92063492,0.80188679,0.37083333,0.59677419,0.0875,0.15,0.2375
127,Mason Montgomery,PIT,0.75,0.66666667,0.72727273,0.5,1.0,0.625,0.27272727,0.75,0.27272727,0.09090909,0.36363636
128,Riley Martin,CHC,0.5,0.75,0.66666667,0.0,1.0,0.75,0.66666667,1.0,0.16666667,0.33333333,0.5
129,Ryne Nelson,ARI,0.34375,0.70469799,0.50146628,0.68181818,0.83809524,0.77777778,0.43695015,0.60465116,0.11143695,0.13489736,0.24633431
130,Cole Sulser,TBR,0.31578947,0.75,0.51428571,0.66666667,1.0,0.88888889,0.45714286,0.77777778,0.05555556,0.11111111,0.16666667
131,Braydon Fisher,TOR,0.33333333,0.6,0.45454545,1.0,1.0,1.0,0.45454545,0.5,0.0,0.36363636,0.36363636
132,Cody Bolton,HOU,0.203125,0.63414634,0.37142857,0.69230769,0.92307692,0.84615385,0.39047619,0.57692308,0.05714286,0.16190476,0.21904762
133,Cade Horton,CHC,0.37037037,0.57894737,0.45652174,0.65,0.90909091,0.78571429,0.41304348,0.65384615,0.09782609,0.19565217,0.29347826
134,Jordan Leasure,CHW,0.14285714,0.85714286,0.38095238,0.5,1.0,0.875,0.33333333,0.6,0.04761905,0.19047619,0.23809524
135,Zach Eflin,BAL,0.24444444,0.79310345,0.45945946,0.36363636,0.7826087,0.64705882,0.39189189,0.58823529,0.16216216,0.13513514,0.2972973
136,Emmet Sheehan,LAD,0.32835821,0.67910448,0.46865672,0.54545455,0.84615385,0.71974522,0.4,0.62790698,0.13095238,0.1577381,0.28869048
137,Mason Fluharty,TOR,0.3,0.7,0.5,0.66666667,1.0,0.9,0.5,0.33333333,0.05,0.1,0.15
138,Slade Cecconi,CLE,0.31336406,0.68421053,0.45428571,0.67647059,0.89010989,0.79874214,0.38,0.59090909,0.09116809,0.15099715,0.24216524
139,Patrick Corbin,TOR,0.26041667,0.75,0.46341463,0.52,0.90196078,0.77631579,0.41463415,0.65853659,0.10365854,0.15853659,0.26219512
140,Simeon Woods Richardson,MIN,0.21348315,0.68627451,0.43202417,0.65789474,0.95238095,0.87412587,0.46223565,0.58695652,0.05438066,0.16918429,0.22356495
141,Chris Paddack,MIA,0.40506329,0.70642202,0.52808989,0.625,0.92207792,0.78723404,0.4082397,0.70769231,0.11235955,0.13857678,0.25093633
142,Jimmy Herget,COL,0.23076923,0.66666667,0.5,0.66666667,0.85714286,0.82352941,0.61764706,0.88888889,0.08823529,0.17647059,0.26470588
143,Matt Waldron,SDP,0.31818182,0.7027027,0.49382716,0.71428571,0.96153846,0.875,0.45679012,0.57142857,0.0617284,0.14814815,0.20987654
144,Dean Kremer,BAL,0.33333333,0.63157895,0.46285714,0.51515152,0.8125,0.69135802,0.43428571,0.6744186,0.14204545,0.17613636,0.31818182
145,Shane Drohan,MIL,0.18421053,0.54166667,0.32258065,1.0,0.76923077,0.85,0.38709677,0.53333333,0.04761905,0.12698413,0.17460317
146,Tomoyuki Sugano,COL,0.27027027,0.7810219,0.48757764,0.52,0.91588785,0.78980892,0.42546584,0.60465116,0.10185185,0.12037037,0.22222222
147,Shane Smith,CHW,0.30075188,0.59782609,0.42222222,0.6,0.87272727,0.75789474,0.40888889,0.51020408,0.10222222,0.18666667,0.28888889
148,Mike Burrows,HOU,0.38139535,0.69594595,0.50964187,0.58536585,0.87378641,0.74594595,0.4077135,0.61165049,0.12947658,0.15151515,0.28099174
149,Cole Ragans,KCR,0.27932961,0.72072072,0.44827586,0.56,0.875,0.75384615,0.38275862,0.56716418,0.11034483,0.16206897,0.27241379
150,Kodai Senga,NYM,0.28795812,0.6984127,0.4511041,0.49090909,0.86363636,0.72027972,0.39747634,0.51219512,0.12578616,0.14150943,0.2672956
151,Noah Cameron,KCR,0.28421053,0.67910448,0.44753086,0.72222222,0.8021978,0.77241379,0.41358025,0.57303371,0.10185185,0.16049383,0.26234568
152,Luis Severino,ATH,0.29655172,0.64,0.42580645,0.70930233,0.84821429,0.78787879,0.37634409,0.56756757,0.09032258,0.16129032,0.2516129
153,PJ Poulin,WSN,0.42857143,0.46153846,0.44117647,0.88888889,0.66666667,0.8,0.38235294,0.71428571,0.08823529,0.23529412,0.32352941
154,Andre Pallante,STL,0.25742574,0.66025641,0.43296089,0.63461538,0.87378641,0.79354839,0.43575419,0.63736264,0.08938547,0.16480447,0.25418994
155,Jacob Lopez,ATH,0.24299065,0.67333333,0.42032967,0.69230769,0.82178218,0.77777778,0.41208791,0.48888889,0.09340659,0.14285714,0.23626374
156,Chris Bassitt,BAL,0.24285714,0.72340426,0.43589744,0.74509804,0.85294118,0.81699346,0.4017094,0.60240964,0.07977208,0.15099715,0.23076923
157,Brandon Williamson,CIN,0.27310924,0.65185185,0.41018767,0.73846154,0.78409091,0.76470588,0.36193029,0.51111111,0.09651475,0.15281501,0.24932976
158,Eric Lauer,TOR,0.25899281,0.70652174,0.43722944,0.80555556,0.81538462,0.81188119,0.3982684,0.56140351,0.08225108,0.15151515,0.23376623
159,Justin Verlander,DET,0.41666667,0.59375,0.4875,0.8,0.89473684,0.84615385,0.4,0.68421053,0.075,0.175,0.25
160,Javier Assad,CHC,0.31868132,0.61971831,0.45061728,0.72413793,0.97727273,0.87671233,0.4382716,0.68888889,0.05555556,0.17283951,0.22839506
161,Luinder Avila,KCR,0.15,0.57575758,0.34246575,0.66666667,0.89473684,0.84,0.45205479,0.44444444,0.05479452,0.20547945,0.26027397
162,Brandon Pfaadt,ARI,0.35947712,0.63392857,0.4754717,0.67272727,0.90140845,0.8015873,0.42264151,0.67123288,0.09433962,0.16603774,0.26037736
163,Eury Pérez,MIA,0.30392157,0.80555556,0.51149425,0.56451613,0.79310345,0.71348315,0.4137931,0.61538462,0.14613181,0.0974212,0.24355301
164,Ryan Weiss,HOU,0.29545455,0.65625,0.44736842,0.76923077,0.9047619,0.85294118,0.42105263,0.5,0.06578947,0.14473684,0.21052632
165,Max Scherzer,TOR,0.35031847,0.75961538,0.51340996,0.72727273,0.92405063,0.84328358,0.39846743,0.61764706,0.08045977,0.13793103,0.2183908
166,Merrill Kelly,ARI,0.29310345,0.7037037,0.42352941,0.58823529,0.84210526,0.72222222,0.31764706,0.54166667,0.11627907,0.11627907,0.23255814
167,Germán Márquez,SDP,0.27173913,0.72108844,0.47129909,0.68,0.83018868,0.78205128,0.44410876,0.62025316,0.10271903,0.15407855,0.25679758
168,Michael Lorenzen,COL,0.33823529,0.65693431,0.46627566,0.65217391,0.88888889,0.78616352,0.40175953,0.64044944,0.09970674,0.17888563,0.27859238
169,Brayan Bello,BOS,0.28019324,0.73154362,0.46910112,0.55172414,0.75229358,0.68263473,0.41853933,0.59782609,0.1488764,0.13483146,0.28370787
170,Brent Suter,LAA,0.22222222,0.54545455,0.36734694,0.83333333,0.91666667,0.88888889,0.44897959,0.5,0.04081633,0.2244898,0.26530612
171,Jose Quintana,COL,0.3047619,0.6875,0.4248366,0.625,0.87878788,0.75384615,0.31372549,0.56756757,0.1038961,0.11688312,0.22077922
172,Colton Gordon,HOU,0.48888889,0.73913043,0.57352941,0.68181818,0.94117647,0.79487179,0.33823529,0.73684211,0.11764706,0.16176471,0.27941176
173,Roki Sasaki,LAD,0.2875,0.70588235,0.45038168,0.47826087,0.875,0.72033898,0.38931298,0.57142857,0.1259542,0.14122137,0.26717557
174,Pete Fairbanks,MIA,0.33333333,0.41666667,0.37037037,0.8,0.8,0.8,0.44444444,0.28571429,0.07142857,0.21428571,0.28571429
175,Ryan Johnson,LAA,0.34042553,0.78787879,0.525,0.5625,0.84615385,0.73809524,0.4125,0.57142857,0.1375,0.075,0.2125
176,Ryan Feltner,COL,0.2969697,0.7768595,0.5,0.55102041,0.90425532,0.78321678,0.42307692,0.56962025,0.10839161,0.11188811,0.22027972
177,Brandon Sproat,MIL,0.34782609,0.71014493,0.50310559,0.75,0.81632653,0.79012346,0.42857143,0.57142857,0.10559006,0.13664596,0.24223602
178,Jameson Taillon,CHC,0.31004367,0.63829787,0.43513514,0.56338028,0.86666667,0.73291925,0.38108108,0.51578947,0.11621622,0.17297297,0.28918919
179,Kyle Leahy,STL,0.26842105,0.7,0.45151515,0.64705882,0.95918367,0.85234899,0.42424242,0.55813953,0.06666667,0.14848485,0.21515152
180,George Klassen,LAA,0.21505376,0.75,0.40689655,0.45,0.79487179,0.6779661,0.35862069,0.5,0.13103448,0.10344828,0.23448276
181,Zack Littell,WSN,0.27433628,0.75238095,0.50458716,0.80645161,0.88607595,0.86363636,0.48165138,0.65151515,0.06880734,0.1559633,0.22477064
182,Matthew Liberatore,STL,0.2970297,0.69127517,0.46438746,0.71666667,0.90291262,0.83435583,0.42450142,0.64893617,0.07692308,0.15099715,0.22792023
183,Cristian Javier,HOU,0.24761905,0.78873239,0.46590909,0.80769231,0.80357143,0.80487805,0.40340909,0.625,0.09090909,0.09659091,0.1875
184,Luis Gil,NYY,0.25,0.62711864,0.38011696,0.78571429,0.86486486,0.83076923,0.34502924,0.58536585,0.06432749,0.18128655,0.24561404
185,Miles Mikolas,WSN,0.2826087,0.61386139,0.42259414,0.69230769,0.88709677,0.81188119,0.42259414,0.74626866,0.07949791,0.19246862,0.27196653
186,Taijuan Walker,PHI,0.28837209,0.68275862,0.44722222,0.77419355,0.90909091,0.85714286,0.40277778,0.63829787,0.06388889,0.16666667,0.23055556
187,Tyler Mahle,SFG,0.29333333,0.6124031,0.40960452,0.68181818,0.86075949,0.77931034,0.36440678,0.52272727,0.09039548,0.1920904,0.28248588
188,Luis Morales,ATH,0.2755102,0.64,0.39864865,0.74074074,0.9375,0.84745763,0.33783784,0.42857143,0.06081081,0.13513514,0.19594595
