rank,Name,Team,IP,K/9+,BB/9+,K/BB+,HR/9+,K%+,BB%+,AVG+,WHIP+,BABIP+,LOB%+,ERA-,FIP-,xFIP-,LD%+,GB%+,FB%+
1,Cam Schlittler,NYY,27.2,132.30577993186114,24.452463601943474,541.0733929716513,0.0,150.0735427200323,27.736263038472202,74.89239685379502,56.58232227890413,94.5964029922909,93.24070284824414,46.74647528503347,21.324632928109704,45.309407959692194,112.41425341985611,114.52351680206631,78.50098853614088
2,Cristopher Sánchez,PHI,28.1,146.66154187956838,70.44024783253649,208.2070124653968,31.410254403310557,143.74145749648025,69.03775689064665,118.23010296777987,108.88888372847747,145.36030329273655,107.71713221151774,39.36975100136128,39.5829602410233,53.18760418860745,76.49959321427879,136.29331400755916,69.92074794667822
3,José Soriano,LAA,32.2,121.39280275879823,89.74220453637474,135.26834824291282,26.313300145187284,142.25721272567367,105.16666580061735,43.62890408616719,54.76772866041208,51.76917576692537,139.86105441222725,6.448605937711342,56.08472256271385,68.36412972354914,54.52930163862979,139.77713795668646,79.9655591882742
4,Tarik Skubal,DET,30.1,110.61829612235097,44.60559378901876,247.9919717786735,28.33740079272881,122.41168198212316,49.36114646385209,87.93671822772927,71.2682638957519,99.10099361097143,107.58542643866842,49.06089120487357,50.63734675076229,65.26625290370083,142.34272336078428,102.9128377412452,76.20712847405834
5,Taj Bradley,MIN,27.2,124.95545882453554,81.50821200647825,153.30412800863454,0.0,126.12112722227424,82.26857776334323,96.08835822751058,91.6094741658448,115.61782587946668,120.43590795054446,38.22837056912984,48.2746561608277,84.831016530173,115.9829599687588,83.37845656113274,109.84686948064247
6,Braxton Ashcraft,PIT,22.2,126.91864414714824,77.04402236345278,164.73521864783902,0.0,134.50701051448027,81.65042354540944,87.02554642394941,81.66666417077107,106.75943934230364,88.70146786661081,58.89535991517222,43.58423069605287,72.38186798328914,67.26906368989283,121.36988444338999,91.786872895325
7,Joe Ryan,MIN,27.1,104.15942719233892,49.50132819331727,210.417430570027,31.447602366225464,114.54211189761605,54.43565717460036,77.16186342512214,65.45411422781878,84.23584456932572,79.59572201525918,77.38913954207229,59.21035860064021,90.91131635496183,89.47256898454793,75.46941437559714,131.20879534701862
8,Bryan Woo,SEA,25.0,81.34355171845354,45.10120960715412,180.35779765721708,0.0,90.25041250979274,50.03965008189076,83.94532394601198,68.58136555442353,87.93468447170704,93.24070284824414,54.71355353526949,57.24673835622978,105.7263082152887,58.80826127499357,81.17068902751775,140.14084940292196
9,Jeffrey Springs,ATH,24.2,82.44279102879946,73.13709854535728,112.72362353576068,0.0,96.20098882208659,85.34234863210382,56.24449080987818,57.419769937721775,60.561718317815874,110.41662187494549,33.616512469207,59.334230400512155,93.37683825283098,74.56047389282828,110.53601097841299,101.24135428009113
10,Seth Lugo,KCR,24.1,87.75075387083255,55.604233928180676,157.81307295006494,0.0,99.9130923024004,63.31103616728186,88.82586603589641,73.52380253055179,96.0517322690954,110.72333464977253,34.01194708205433,52.4669957234019,80.46586656522211,130.48083009533445,101.30482478661136,83.71394499447537
11,Parker Messick,CLE,25.2,99.03841769488065,61.501650987743794,161.0337478889055,33.48965490800214,117.6651882269194,73.068651203105,64.15201435925852,58.0869852511882,69.37069552768001,127.8299958809395,25.208845303658407,61.66885014357874,74.330088586774,86.98721971560744,120.0649775248727,85.04273768712271
12,Nick Pivetta,SDP,16.0,159.82347333199957,93.55345310294605,170.83652304853072,0.0,164.85034295503195,96.49595529211217,84.97788650809179,86.77082824758801,117.22605104252948,76.9978018905463,117.78838936151466,29.819177325653957,74.93312748595604,44.045220191345855,76.72808782946974,154.99099162721188
13,Max Fried,NYY,33.1,70.15881603351261,54.12145359315454,129.6321670661248,25.787034624094474,79.27112995740295,61.150816415347556,68.91807459765182,60.38142197628481,67.13293115581936,91.21373113232818,71.13255430425075,72.19713717069605,98.56331510845135,89.79325902759972,108.44578609727505,96.01599425340984
14,Kevin Gausman,TOR,22.1,141.13713465476246,50.48642938334582,279.5545863686865,76.9762209177564,154.19488080705284,55.15734157857016,71.5838973943904,63.418849647057016,83.244834633216,103.60078094249347,57.60513561334747,52.63966946359665,53.57146132143746,92.1041152386071,108.29390125927658,95.04776559028343
15,Dylan Cease,TOR,20.2,157.4391372017056,130.93899966183972,120.23853174141843,0.0,157.38049428249937,130.89023203254814,78.17715110176847,93.7823751369331,110.36247015767273,108.78081998961815,41.5004747300167,46.34750008974349,64.38106647881133,121.37751608858471,122.85718606997537,65.26535677032015
16,Tyler Glasnow,LAD,25.0,123.59681937674634,59.87420998588547,206.42746533607155,71.19657584869985,138.387524580389,67.03929514384052,71.61057851805487,64.78888509153238,78.82441363204569,91.38200668349768,82.03665238500211,60.78984106366929,69.65087419467108,88.09044038269171,99.7465142013291,106.2795371765336
17,Reid Detmers,LAA,22.2,116.63230659846171,59.692781607076974,195.38761411362202,37.92211095391813,121.06996797915069,61.963992906537726,88.82586603589641,78.92996589156822,99.94083253987797,90.9665394460105,83.64221654707228,59.22235343509889,82.39473043559207,106.15389540539584,89.53998301503817,108.1051749914098
18,Keider Montero,DET,16.1,93.3790790452294,27.612986011192227,338.17087060728204,0.0,104.21773821887967,30.818069934883646,83.48660632882067,63.89568343714743,90.48351590566959,69.93052720611362,78.09692710291405,40.825865708635575,86.80709007598665,79.42311394838084,83.52346239630889,127.56410665824818
19,Logan Gilbert,SEA,29.0,112.19800605994821,38.88035438820856,288.57247625154736,88.92080858073132,121.79881733711943,42.20735679767509,112.91116712208238,87.39754518483099,121.86743808916758,99.90075311163059,102.19485910187507,73.04647538813957,75.22185382283965,123.61341784770548,78.99011669157207,110.77935570159607
20,Shota Imanaga,CHC,22.0,150.1372022209693,56.69906248663396,264.7966107252226,80.905199828068,171.38404565093347,64.7228966869354,66.21653494137021,59.60016485692914,79.92685298354284,107.36313227604445,62.96638053894071,53.55328600435087,60.711843386863364,137.88068973127008,50.04005725006494,138.62548315821826
21,Nolan McLean,NYM,23.2,126.05795418349919,84.32987548500027,149.48195766746437,37.60382628239227,142.62333041158183,95.41173155240553,53.11117906755736,58.661969968634544,62.06085055192737,94.49730230131647,59.45159119566959,60.02674804676205,70.70070933936954,101.64281607012549,110.66551122610512,86.86308302402179
22,Landen Roupp,SFG,22.2,112.81657257524284,77.04402236345278,146.43130544576397,0.0,120.89025140968907,82.5576506388071,78.68322824823312,74.86110882320682,92.54688240199695,92.39736226865557,61.493319149858415,55.400948096382336,76.24887660274034,120.54481340562464,117.11129187755354,69.9207479466782
23,Shohei Ohtani,LAD,18.0,106.54898222133305,83.1586249803965,128.12739228639805,0.0,118.26220266310385,92.30047911351453,47.97138754489052,55.70472924536515,55.94879708847997,118.79660873012577,12.65997721990773,54.123703345476095,88.35892879776881,60.06166380119113,115.09213185929677,102.65637103980674
24,Emerson Hancock,SEA,23.2,107.40786166858109,38.11369928345576,281.8090588394017,72.63953333279363,128.73955900201105,45.68325716897684,74.26829354668004,56.69617023005333,78.53286286152453,112.23417935436792,57.796008808202124,69.6099736074974,72.3454014024771,75.91611909095673,104.78398029802347,106.68998006778425
25,Trevor Rogers,BAL,23.2,85.92628933486488,57.17054892518365,150.29816469931777,36.319766666396816,89.32948965177431,59.434849784198676,111.92709859468266,94.4936170500889,113.96614265261715,108.67581930301817,73.09605736635298,70.10427044765788,96.63597672745566,80.86135925311616,104.84547325717253,104.20729833938512
26,Randy Vásquez,SDP,21.2,122.94113693987059,92.11417191203672,133.46603363166463,41.07494881031526,125.92734518064792,94.35160073006524,104.91097099764417,99.6752107579787,121.48881653498509,115.49670290511749,65.23664832990092,65.61140807884587,85.08259064203372,84.94435318841396,102.76083191857886,104.38168807063934
27,Framber Valdez,DET,24.0,55.07636314270291,65.77259734376642,83.73754890583801,0.0,54.71431258679756,65.34023605066122,106.09756220954291,96.28724330557651,100.29498148580242,91.78381695802413,88.58216096212395,73.63920147418138,100.89241442374639,100.61172423478982,135.97720340404138,61.4766778000053
28,Michael Wacha,KCR,27.0,86.61581895946442,66.8166068254135,129.6321670661248,63.67168800098065,102.72891318708335,79.2464673497008,61.98958690894643,57.979415323788,59.615441469100006,138.4041683821462,22.98955562263596,82.06972367695265,95.2568391093142,89.70557069054244,86.29670259600226,119.59134999210765
29,Bryce Elder,ATL,23.1,105.02685962739507,74.84276656096394,140.33000104507227,38.14102485461011,114.58004592665525,81.65042354540944,87.02554642394941,79.33333300683258,95.37034661087144,123.32698783139371,19.340757646479943,68.27291164958092,84.07312141399703,89.583498828638,109.23998951845071,94.57077450266002
30,Casey Mize,DET,22.2,112.14644865236703,69.6415785415898,161.0337478889055,75.84422190783626,116.41343068184264,72.29132521942223,98.69540670655155,88.79621162801425,105.81970504222376,116.5508786302357,65.65501802292015,75.61202775557656,90.24338261451727,94.1173196238476,82.6676894236722,121.29046205176851
31,Mick Abel,MIN,17.0,113.64172666548656,79.59036989497784,142.78325644857054,0.0,113.92569169772318,79.78925063459337,92.83536693335006,87.69995595194824,107.90997082083558,115.53739270234718,49.77183818545798,60.349251217448426,92.97357933497445,84.96426110543229,106.1039335987096,100.86464242056475
32,Will Warren,NYY,25.1,124.42353576167022,53.40933185775825,232.96215527717914,101.79093120588063,129.22999533888506,55.472527047713626,95.2712803514263,82.39180796044423,102.97212617390001,101.51205553605655,59.56075417135363,72.45422312378578,65.66481854503417,85.688903096913,121.85699197860306,83.77344293484647
33,Davis Martin,CHW,25.0,77.27637413253086,54.12145152858494,142.78325644857054,68.76542304105911,88.47420733570901,61.963992906537726,92.68292790718692,74.544962559156,89.34104727049697,120.56987442095743,51.02006252695539,81.88650386107453,97.41365514575196,116.8485045551962,82.43267111497559,110.42862941598062
34,Jesús Luzardo,PHI,22.2,141.0207216523408,55.03144686070925,256.2547845727961,117.78846095055711,138.77707422520317,54.155893644445484,127.92370011970806,112.29166795935505,146.53256380316185,57.74835138326072,196.84876660187086,68.7329920634051,46.618778715811324,153.44786416522692,115.09213185929677,55.71104761922528
35,Edward Cabrera,CHC,22.2,79.9117389074637,121.06917799971153,66.00502024933725,0.0,84.68959904491776,128.3078090350466,95.60012232160325,98.68055253968171,100.47947232216812,109.92100001198475,61.11442988436192,76.79235598804402,106.02432737884658,144.92298294016823,92.81623526644644,85.70930413176922
36,Rhett Lowder,CIN,23.0,69.48846954736368,75.92744334775561,91.51956588224792,38.6937928265228,72.34124101243079,79.04455979978692,92.7919450375715,87.190014608001,89.15784163798016,90.14376814811042,84.55966797399321,77.12585761489552,110.3938364918793,102.77218062265455,92.71310604095686,107.01758931138265
37,Steven Matz,TBR,21.1,100.09069989503352,63.423576955145414,157.81307295006494,80.5844813270435,108.14122935158632,68.52488623884987,87.05441001808649,76.87449378464885,88.28997612613819,96.9334039179106,89.12974018050399,79.85477124787839,87.53030409215734,155.66134114805084,71.61770588360372,102.94647180276526
38,Yoshinobu Yamamoto,LAD,25.2,87.17644215869934,29.15951857257238,298.96391533492874,104.02097378419475,100.21165576189124,33.51964757192026,84.04406357943142,63.10605847052185,78.73391487931084,124.5807132272823,53.27055481630681,82.99903877944806,86.34686958611003,77.72685919228931,98.16681829641563,113.31274178011034
39,Michael Soroka,ARI,22.2,131.61933467111666,66.03773345438809,199.30927686147976,78.52563732982729,136.48899349782067,68.48100118045558,91.04773554438404,81.66666417077107,104.20093426002619,114.54218460765631,69.32710586560763,75.88988118980052,75.01447382967005,134.53812737978566,87.88853686785767,96.61776090049491
40,Carmen Mlodzinski,PIT,14.1,111.50475872829966,104.43177086783723,106.7728269053317,0.0,106.25119779367502,99.51145489010523,124.53655781358277,123.76615359649159,139.03554891090707,114.49238372290678,62.0912359253741,55.84290692602275,82.14279521308977,135.2085831956775,112.41557064791348,67.9694713203488
41,Hunter Brown,HOU,10.2,162.0516165981357,126.84715958080083,127.75343999216564,0.0,173.04991878755902,135.45617033668893,57.35003362677996,76.87449722120672,86.71336940959999,127.14641308931014,20.096081732729175,40.32338456217811,58.48889909902307,104.38466407626758,120.0649775248727,76.5384639949489
42,Joe Boyle,TBR,15.2,103.84283619514262,86.36402190149296,120.23853174141843,54.86603124868864,106.11260604324366,88.25174691401993,77.80487895366481,80.88921797448712,80.6635994507907,53.79271314940368,121.36815995835968,72.90868258701532,94.07388402038083,83.03325546776527,98.2349815894295,110.16900099610942
43,Logan Webb,SFG,30.0,95.89408399919974,91.47448747843613,104.83150275648431,59.330479873916545,92.7283178272045,88.45462621516391,109.76310340628521,107.98147515255397,112.0732575901106,82.74390654027275,139.38485283003914,86.49102188524567,83.46148834566706,109.15554605927808,135.10815462121218,54.87258709453218
44,Aaron Nola,PHI,22.1,114.500400434807,67.02337034119219,170.83652304853072,119.54649099980823,116.99056611432542,68.48100118045558,112.32709136127075,100.15339522378896,117.22605104252948,106.18245267754007,99.89339836425889,85.19441632365815,73.86634295564893,109.06435501121004,109.61155410786657,84.34883890668911
45,Kyle Bradish,BAL,19.2,108.57296449007985,114.6640959284326,94.68784377003898,43.706838091591436,104.45459647806794,110.31468412790954,119.69981377486893,121.29350232250799,130.0700541144,82.2712084613265,131.94457884832894,77.36101077903277,91.08249697493684,85.4056339120859,122.24797709440402,83.49650610672747
46,Kris Bubic,KCR,22.2,116.63230169128941,99.48796515928458,117.23256847719112,75.8442187167765,127.87165168660222,109.0751933604568,75.2083985282836,78.92996257067924,81.61258297374118,92.36107359984086,91.28206165027096,80.10211953090236,91.54568708151689,68.9332683652491,86.0843234993378,129.97097652780388
47,Jacob deGrom,TEX,19.2,129.25352915485695,68.79845755705956,187.87270586287485,131.1205142747743,140.29310897244784,74.67455493174468,88.41463517461912,79.59886089914588,94.5964029922909,133.20100414884078,54.95524765007771,83.5090983805028,83.57768800786498,77.73326037127941,61.3097755325793,151.99127580120785
48,MacKenzie Gore,TEX,21.0,145.256348950917,118.12222100207642,122.97122566307817,81.86360257608062,154.48747062732747,125.62895794276324,69.76278063093233,81.64448651061133,84.59840918009756,112.15273224835836,72.05243675069445,77.37631444366933,68.79613724046963,86.98721971560744,125.7823572126186,78.96825636908646
49,Joey Cantillo,CLE,20.2,118.07935835011412,98.20425427806744,120.23853174141843,83.18398588276754,129.69318526123436,107.86324719901582,94.30894418626036,90.1753648697798,105.56410188994785,113.40085481543206,62.61552224473158,82.42839078495867,83.1762707795068,86.98721971560742,100.0541477773073,106.30342204512134
50,Chase Burns,CIN,22.1,104.95870039857311,100.5350555117883,104.40009739956473,119.54649099980823,113.33461097992003,108.55795049971783,80.67520871021372,82.88556846106671,78.15070069501965,125.99640320701799,58.05588986396017,96.51579835706667,94.67015743270122,74.18142367488768,100.9580103503937,111.87319687410447
51,Paul Skenes,PIT,22.0,111.39212290736158,79.378691137322,140.33000104507227,80.90520355441076,118.4861840414297,84.43396114596203,69.91851421551854,70.11784423764904,71.63814230376802,101.05961499000429,80.90675851222704,84.96686779542594,94.23271590230686,57.65919752398566,100.44404226622834,120.77220119204337
52,George Kirby,SEA,33.1,82.3603492567322,54.12145359315454,152.17689177327694,103.1481384963779,91.61466268154796,60.202741832545506,95.48780598858865,78.27221367296178,89.63629197396855,115.0173144763784,75.23113898083577,97.57360616889173,83.8922556360254,50.50870813778442,144.59438138299006,76.8127951986253
53,David Peterson,NYM,19.2,113.77264571098445,126.85214390147368,89.68917460047862,45.252062383689896,98.14543614893235,109.42840346666567,128.45494472153408,141.18643696712215,137.37427856546424,85.64924037840561,166.93469483441464,82.23997846020109,89.75026077228733,117.45392086261737,127.88014638244958,59.044187261252254
54,Brandon Woodruff,MIL,23.2,90.04139584535656,42.164937742500136,213.5456538106634,112.81147884717682,96.45498786546158,45.168319430683,85.93269422166584,71.69796329499778,79.92685298354283,95.83768958569492,86.87417140670351,91.32134155712622,104.15690143688136,77.72685919228931,71.0863166418427,144.5714292318612
55,Sandy Alcantara,MIA,35.1,69.35735697562556,84.72765640269256,81.85916726561487,100.74987239044853,74.47702994299361,90.98190085562798,83.63965207489349,80.76781569925983,73.85241215679356,106.94139158394566,75.97097020076798,108.55552488328131,114.7047398061085,56.99969681148451,106.06529782098293,114.61518714595391
56,Bailey Ober,MIN,19.2,72.38197632671991,57.3320479642163,126.25045836005195,87.41367618318287,72.09415290105756,57.10407170391335,107.44056932611943,94.76054868945938,99.10099361097143,84.39891202473967,129.0693472636494,94.95971150278716,108.42382380688447,128.47343262895652,81.2747539060077,105.97633466411071
57,Luis Castillo,SEA,18.1,94.2845778494279,86.10231522191725,109.5029485518307,46.885518961705046,84.55848300910269,77.22027879245975,137.92683087240582,134.1809419130203,139.86027324129034,81.51411134283273,136.78389332524907,83.06672939906736,101.90673152740675,126.27177060542274,96.82659466967736,90.52936584270216
58,Ranger Suarez,BOS,22.1,68.29216192972378,60.58371526001498,112.72362353576068,76.9762209177564,76.34555216167088,67.72808468295985,95.48780598858863,80.10802060680886,88.08977209864128,105.55551274547288,73.27914730177405,90.21585380284797,89.24295884981575,152.56220118164546,103.44059583671346,70.65088960598833
59,Walker Buehler,SDP,17.2,108.55934428325473,84.7276586895584,128.12739228639805,50.37493755488326,111.78208185124294,87.24291848327951,103.003498797687,96.04821585640117,112.23770844497506,89.83076894160205,120.0108161212124,74.43198124952268,78.79650579326615,154.1582709339818,105.50112079429394,66.4247107353335
60,Max Meyer,MIA,19.2,108.35490067712806,114.16692951132632,94.90917946191504,90.50412476737979,103.03146440356228,108.55795049971783,91.43190320490889,101.96798225403265,92.54688240199695,101.55744560298763,102.36766562496966,93.1844937230234,95.1910530326222,127.5792588133386,95.24866074588712,91.62029061445335
61,Mitch Keller,PIT,22.0,67.80389777721194,102.05831247594115,66.43642560625686,40.452599914034,70.51931324676221,106.14555188277892,95.60012232160325,94.6590853610051,91.97736312567699,109.4179290825951,70.79341043758609,94.13305385600248,115.05222094041163,144.14799354569286,87.19100880295844,92.59202089618665
62,Andrew Painter,PHI,9.1,102.74366492714238,53.45911787963302,192.19108842959704,0.0,97.14395213897762,50.545500239469874,138.08906557564916,123.95833028997845,147.4779351825371,92.39736226865557,119.51531826958853,43.56078907190182,92.50397427487675,102.29857628633215,89.1035859110328,111.42209523845057
63,Michael King,SDP,22.2,94.01381047936906,110.06288909064683,85.41826152426536,39.262818664913645,97.49213827749168,114.13500125978895,84.9778865080918,88.47221951833532,89.40969994769196,105.45351136020258,72.75165429332917,90.70464164313583,110.59966060914894,91.12804208503367,99.21735487649535,105.36333423319122
64,Jack Flaherty,DET,20.0,106.76341672134669,157.8542411521162,67.63417412145641,42.978391450031346,104.45459647806794,154.44055855568874,83.68258427794935,104.36295255923176,92.02235121018776,99.2257479984683,95.66873840093481,101.65333591173935,123.86165849062249,106.51496300228231,78.40978118192587,119.75405928579133
65,Gavin Williams,CLE,29.2,137.09587662087262,129.22256962131223,106.0928221300856,115.89678289004985,152.24852156197065,143.50501505363377,56.29666566220646,75.38254802364989,57.80891293973334,131.83623970016416,50.88976619210136,95.22378015827606,74.5116093069946,53.99206717572175,132.4854922176696,87.97524591842048
66,Matthew Boyd,CHC,9.1,194.0713869146991,80.1886850130808,242.01840762361243,95.35256993097973,208.29063618723808,86.063960899973,99.97398412716679,90.90278483437572,153.85919199331994,43.31126360674356,173.15757007293368,45.100051533930205,42.723413753331755,124.36297481337142,54.1610030789616,140.66409313433059
67,Andrew Abbott,CIN,24.2,64.79330417457483,111.25276221018596,58.23972373936602,72.15869638826982,59.64979508557007,102.42114647907047,132.0044838960649,134.45570648907471,122.67842550962386,89.63923211994448,140.1709843662765,101.07191181650579,117.52193818146382,115.42885306105606,108.47764133470403,82.45826144672846
68,Zac Gallen,ARI,25.2,58.11762810579957,68.03887666933555,85.41826152426536,69.34731585612982,57.69762001159427,67.54716870447852,127.87934377431284,114.19191532761097,117.22605104252948,106.30946514095454,87.46276778118278,98.56703771936834,111.53566075178622,96.09866218761435,107.24494084144993,93.59845596368844
69,Aaron Civale,ATH,20.1,80.01005587412057,66.54277243417053,120.23853174141843,84.54765656726472,78.69024692239245,65.44511601627407,108.68530762928788,98.98594008021362,102.97212617390001,111.0008367440803,81.56137751373413,91.65259055150527,107.78954438201286,96.35507421075572,92.35767487136057,109.90138400162289
70,Janson Junk,MIA,22.0,72.64703648189129,68.03887793336668,106.7728269053317,80.90520333521413,73.11910359478415,68.48100118045558,113.63322033058782,101.67087386913398,107.03248138665735,86.62252721348712,111.84615441548138,95.9876163162661,102.50061502500058,78.88696167084667,116.80992474156982,91.21005053815655
71,Yusei Kikuchi,LAA,24.0,114.38937414950064,103.35694279009742,110.67410308324351,107.44597777117441,106.47109465702687,96.20235560993302,120.02956532796776,121.13556897212354,125.67154986898552,97.66833403830738,131.6590405641544,95.16473247980356,91.89401318825051,115.9829599687588,103.38928606856818,88.58618512264385
72,Connelly Early,BOS,19.2,103.4028233238856,114.6640959284326,90.17889882860854,43.706838091591436,104.21773821887967,115.56776492542905,88.41463517461912,94.76054868945938,95.21468013603139,120.19309363550778,52.00956523363367,86.21979212593521,104.03892812290985,120.44384276344464,92.35767487136057,98.12623573395815
73,Ryan Weathers,NYY,21.0,135.5725923541892,75.16868609223044,180.35779765721708,163.72720515216125,136.177844611839,75.50427235977263,112.48898161975636,102.94304820903166,122.41887446061179,113.56239447313922,102.64437925123566,93.12021036282341,67.26118381634325,164.3091930281133,75.59646713481395,94.49193076346968
74,Jack Kochanowicz,LAA,23.1,78.43842914592108,144.96818163742006,54.107339297165126,36.838621493827226,79.58445431357549,147.08624582746913,70.73170813969529,92.6487442296212,69.37069552768001,96.28116063190969,81.25243766167426,96.75179887219369,114.18130307263976,48.17753710537786,140.38366588130967,82.42603812878127
75,Lance McCullers Jr.,HOU,20.1,105.01319340945247,99.8141539697705,105.2087152850135,84.54765260180915,106.88377320142502,101.59212750982438,101.85365972116121,98.98593543757345,106.72414696566155,80.07312261950145,147.59088885890216,95.93368761364657,95.67791102495512,106.31771304373392,106.7244243598291,89.76733409773209
76,Jacob Misiorowski,MIL,21.2,162.28230076062917,103.62844340104131,156.60014609934706,164.29979524126105,170.00191646988006,108.55795049971783,71.73457951981773,78.31623702412612,79.1275844537074,120.51829867757493,84.34962304507722,98.47276409608594,67.11448821542037,84.08632974450171,99.39775005378735,108.69498117911856
77,Cade Cavalli,WSN,19.2,97.51941533831852,152.22258006333297,64.06369614319902,0.0,87.74292458574403,136.96200236091116,119.84060917807815,133.3427524905498,128.9486561467824,89.9001362613946,103.7704204521697,87.79692262598664,121.51486247642835,132.1356611025802,99.7465142013291,84.13796675428988
78,Kyle Freeland,COL,15.2,88.41298883545494,63.69597065499353,138.8046749769312,56.80578090797176,87.96119027296895,63.3704781656531,93.61970547501636,83.69385191895057,93.78084083402358,120.21085398470355,50.890336980205234,89.57175095156705,102.11000312808598,114.90057468796795,115.09213185929677,75.08880326666036
79,Dustin May,STL,19.1,82.66731515168418,51.6156991123938,160.15924035799753,92.06453924917372,80.9532932980352,50.545500239469874,147.077111264005,123.67336643238028,144.13039062606083,78.01764036473257,179.78404853879255,96.80583551880684,102.17370362800575,110.82345751139084,96.52888462186007,98.56569955226048
80,Grant Holmes,ATL,21.2,83.599973119112,115.14271489004591,72.60552229562555,82.14989762063053,87.57674476569487,120.61994464586799,76.26220584059519,85.43589493541029,71.52775995815358,104.60078756024534,83.31403084318067,104.14163212472012,111.88268147674604,95.31096821359527,94.33781286735065,108.89296826612936
81,Cade Povich,BAL,6.2,76.25958700873115,0.0,,0.0,91.19052083209111,0.0,88.41463517461912,55.90872725123872,91.27723095747369,111.88884352978181,32.43637767832027,40.38578203253188,84.18397274635927,82.40894488385477,88.46893065613992,120.85020617353604
82,Shane Baz,BAL,22.0,87.81406532087684,82.00220284043452,107.08744235897265,78.14252957040915,85.73789159978867,80.06344051933293,126.82926976772949,115.20585622182591,126.12853732305456,101.10437664646616,117.9504581491828,95.65575793194935,102.65525129894209,145.83151562048678,88.28307151171116,90.04525163870308
83,Justin Wrobleski,LAD,13.0,32.78430222194863,76.76180767421215,42.70913076213268,0.0,39.420733918808985,92.30047911351454,40.46566024194846,47.464384682441306,37.01875296079878,121.27153809888196,17.529199227564547,81.95138894206119,124.24118583245374,41.72705065195474,121.14961237443562,104.88112218571617
84,Chad Patrick,MIL,16.0,59.933806071833054,93.55345867916672,64.06369614319902,55.622328197145876,64.76263445709277,101.09100154039525,89.45040685062293,86.7708334195327,82.30765285964836,133.58654789670334,28.555862832509366,96.85833243988009,132.8045270466679,66.0678305512901,76.72808782946974,143.92020641609002
85,Michael McGreevy,STL,21.2,59.01174573113788,34.54281446701376,170.83652304853072,123.22484643094577,66.34221111734945,38.83373758757904,80.67520871021372,64.07692120155774,65.93965371142284,120.51829867757493,64.16907661400947,106.63720025357894,105.51997570250735,86.77565778507707,92.76082254827293,115.00397655756352
86,Freddy Peralta,NYM,26.2,111.87643800075504,93.55345867916671,119.58556613397148,133.4935876731501,113.33461097992003,94.7728138777796,80.7289921826872,83.87847230554829,77.57606318990922,103.67420579008876,105.52657782731491,107.41256200126924,92.80348925186897,113.25913793691369,92.07370548743742,102.48383923044393
87,Grant Taylor,CHW,5.0,101.67943964806692,0.0,,0.0,136.78578146699388,0.0,26.52439055238573,14.908992511831201,31.53213433076364,139.86105441222725,0.0,27.50895887185294,73.9683751219218,47.44757410564588,65.4899875661997,162.3543174722692
88,Tanner Bibee,CLE,24.1,96.10796852519756,83.40635089227102,115.2285929226168,141.29882185165886,94.08816368838886,81.65348576190054,121.25435681090619,113.34919556793399,117.24624596227606,106.9001689507735,115.22399471474567,109.15964775910797,89.3572213021759,112.84828537500854,110.32997923685035,82.74428531720048
89,Drew Rasmussen,TBR,19.2,103.4028233238856,34.39922877852978,300.59632939863553,174.82735236636574,118.30121628558538,39.35550862776981,59.77327448424954,49.27548531851887,44.279167358093616,113.40085481543206,64.4554064515244,99.2676738616992,73.16887859831228,62.63079844576055,110.4597793228829,107.15384959292847
90,Jack Leiter,TEX,20.1,120.01508381118083,99.8141586512558,120.23853174141843,126.82148485089708,116.72386656002513,97.07692257619117,111.40244032002006,109.98437786690403,117.79929429228679,104.37392110295572,116.93756328623104,99.43198885571917,88.39975345434716,104.38466407626758,100.41798115896081,97.4125903302846
91,Nick Martinez,TBR,22.0,64.70510076275134,71.75192748538021,90.17889882860854,117.21379435561371,66.60872834750509,73.86287536670064,99.85652913839334,91.48700347027352,86.7133694096,128.8193921408161,57.61922761440819,108.27622107797934,109.66473843730644,95.56342457186456,101.4633612243647,100.6139432330314
92,Clay Holmes,NYM,23.0,74.12103418385459,97.62099858997149,75.92734354390656,77.3875856530456,77.99371044065795,102.72150123995559,81.90639663430534,83.83655250769326,75.74606375055751,125.45331516478448,50.9790221801958,103.45910343799788,99.99784898566143,86.77565778507707,133.98785494540596,67.41612425305075
93,Chris Sale,ATL,29.0,106.54898222133305,60.218314640976764,176.9378274065133,153.44089622564624,114.3201293165568,64.61033569789684,89.02445253228663,77.12962510896713,84.20462821364792,127.50836005825306,70.0268773176445,110.8099633593474,90.53732047245794,76.49959321427879,99.94843022617319,111.87319687410447
94,Nathan Eovaldi,TEX,26.2,110.57639325361943,67.65181602367616,163.449254126853,161.16896409504983,104.04688949496865,63.65699793318967,123.93697532442182,114.61288266728641,122.93540979588862,99.90075311163059,121.58848439398666,105.13000964873869,79.9449687672855,86.98721971560744,125.7823572126186,78.96825636908646
95,Coleman Crow,MIL,5.1,79.91174142911075,46.77672933958336,170.83652304853072,0.0,86.35017957834934,50.545500239469874,84.9778865080918,72.3090278496106,87.91953828189712,83.15762612494764,85.66758849752809,53.003603714631396,98.46739198175725,66.0678305512901,100.70561537688467,116.24324378683362
96,Peter Lambert,HOU,5.0,162.6871034369071,45.10120960715412,360.71559531443415,0.0,145.90483341888867,40.44871709290017,141.46341627939057,119.27194009464961,186.7672571899077,83.91663264733636,171.4865538978932,42.703897804436835,55.556148436875944,200.7397382870233,110.82920989365867,39.25049414050633
97,Eduardo Rodriguez,ARI,23.0,64.85590222168098,97.62099454220457,66.43642560625686,77.38758244423899,66.11185625384054,99.51145489010523,92.7919450375715,93.89693491526432,84.20462821364792,120.99654594679797,48.80168806035568,107.57687305029593,114.616363886613,115.84496305706213,97.74948179634359,94.63246446001412
98,Spencer Arrighetti,HOU,6.0,169.4657327467782,150.33736535718037,112.72362353576068,0.0,162.11648157654298,143.8176629320211,60.627178405453094,86.96912298568199,94.5964029922909,124.32093713099218,35.72636539539442,68.09601635287213,94.96889945175633,47.44757410564588,109.14997943708613,115.96736955015568
99,Kyle Harrison,MIL,14.2,108.97055472283694,68.03887793336668,160.15924035799753,121.35780500282118,113.33461097992006,70.76370054754892,94.41987389787975,84.14141285721433,95.04814949394283,118.53608974708065,77.87962464084708,100.41796912288328,89.08846473731832,171.41923585354968,68.43315941547303,100.53469722861873
100,Brady Singer,CIN,17.2,84.43504555364257,42.3638293447792,199.30927686147976,151.1248126646498,75.55640701772106,37.909124914238525,145.21537567838467,130.97483980418346,136.13347863003423,99.70938378303725,134.55091748591565,108.14800756545829,89.46536439773745,146.36565488728024,109.78018709946681,65.40279206775932
101,Foster Griffin,WSN,20.2,97.95632537827173,84.49989572476998,115.92478348501464,129.18733918361335,99.00494725172784,85.40446691011458,102.18859769960405,97.03404747705152,98.71667456213008,121.57547672763987,76.80498476967664,106.60711690504756,99.76905642773595,107.5001985943656,89.73284845902528,108.0808852597681
102,Jacob Latz,TEX,4.0,76.25957973605018,56.37651200894265,135.26834824291282,0.0,93.7959643094488,69.34065856694973,0.0,18.636240639789,0.0,139.86105441222725,0.0,57.49223446290564,106.84881624365421,0.0,96.05198201989819,153.0769279898978
103,Aaron Ashby,MIL,2.1,182.65542297854032,0.0,,0.0,181.33537756787206,0.0,127.46682976213765,99.16667436477348,175.8390765637942,46.198681134327785,195.8116458574297,-9.422266718464538,35.00752539442737,0.0,115.09213185929677,132.849421470667
104,Adrian Houser,SFG,21.2,54.094102634534956,80.59990397069646,67.1143483221903,82.14990123651913,49.37349385184589,73.56622334151126,123.3549965440042,121.0341898192406,109.89942285237137,81.78027402839224,139.38486305525174,113.2165786390743,110.8568383650529,125.52887804745119,117.96943515577915,66.4247107353335
105,José Suarez,ATL,3.2,174.35291023052542,204.11666034475803,85.41826152426536,0.0,151.11281448878054,176.90925243032783,141.62981084681962,168.28284759902456,195.37675173754917,69.2980217707897,246.1551265865968,57.20155844489373,65.51856447262374,176.18088129392606,127.88014638244958,29.522093630626127
106,Reynaldo López,ATL,20.2,97.95632537827173,96.57130939973712,101.43418556006512,129.18733918361335,102.54083841929176,101.09100154039525,84.97788650809179,85.8378112296994,79.62524221756719,111.99680285068266,54.59084690016013,112.83179953365435,106.75847643770055,94.3826147712472,82.20866558089993,123.36017700399111
107,Kumar Rocker,TEX,14.2,97.057651144127,107.62789122807031,90.17889882860854,117.21379435561371,91.46273110292793,101.42364953992417,107.89582597580636,111.81744868588986,104.8626792860279,110.78103306902081,103.16598877099052,110.42309651558489,107.0339384752373,46.39318356996486,128.06930927982089,96.38176927668778
108,Garrett Crochet,BOS,19.0,117.73409392302388,83.08117976225165,141.7096981205939,135.72123649860916,104.67085851914051,73.86287536670064,120.50587312688825,117.70257836971612,123.8762420137143,75.09318348222962,172.2702823076855,110.2109401937685,92.87011906186368,143.97884649782242,99.36411922328467,79.17772122452715
109,Anthony Kay,CHW,10.1,108.23941681570375,130.93901174634067,82.66399057786134,83.18398972133727,106.99687775297546,129.43589644466513,68.82004035213596,86.56835426973161,69.37069552768001,133.2010041488408,41.14521677840099,107.038723975194,108.68083097195567,160.591790525234,83.12190748027649,88.31361226261362
110,Tatsuya Imai,HOU,8.2,152.51918796842497,286.21926829116353,53.28753108910459,0.0,129.3247386425604,242.69230644047786,92.83536693335006,154.82418193446205,127.78812334046317,88.33329747198417,173.13549541821507,103.4984944610077,121.83990416205967,82.40894488385477,139.0226054540084,67.13900331635193
111,Brandon Young,BAL,5.0,40.67177585922678,90.20241921430824,45.08944941430427,0.0,48.63494447296289,107.86324719901582,53.04878110477146,59.635970047324804,49.550496805485714,139.86105441222725,0.0,85.6854876918835,124.30838632946184,0.0,137.21711706837024,109.34066270413945
112,J.T. Ginn,ATH,9.1,76.25958233343609,120.80681556238986,63.125229180025975,92.09655185249404,87.5429001388761,138.68131713389946,42.439024883817176,63.895684369836324,31.53213433076364,127.14641308931014,44.42182041662156,109.42304004989593,109.67837090331682,0.0,141.894973220186,104.3706326971914
113,Bubba Chandler,PIT,20.0,90.56663920668697,162.15932644413238,55.85040173629795,88.99572405452163,90.66768878393601,162.34025532121223,76.7161475420273,100.26851742283273,72.98980536610327,107.53141295878783,77.87275519460704,116.01732582062841,120.93150802483355,97.87826738551448,93.77877401379637,108.24767664562913
114,Shane McClanahan,TBR,13.2,96.71947148176493,181.5048763749636,53.28753108910459,62.89520692689765,96.44556792735258,180.99087166181664,44.20731758730956,87.27215534872961,40.80629148687059,76.63619413142402,92.7529032832471,108.4828111266645,118.84937167406682,94.89514873321508,101.87331420531504,100.50505349107507
115,Jake Irvin,WSN,19.0,117.76466456042074,144.43340128174128,81.53561326927974,140.51955759611815,109.42652078980608,134.20701897527053,96.30827137583734,113.66471068689891,96.5391008585537,89.41680224018153,155.14991433568645,119.79249751935241,114.18803753335123,117.45392086261737,72.46541616829597,123.00872332809278
116,Martín Pérez,ATL,16.0,46.61517972183321,93.55345310294605,49.827319194015374,55.62232488179676,48.821062877500474,97.98050910365575,81.99620627973768,81.95022667827757,71.77105165869152,110.24685275416724,70.51317507679481,114.94796214846636,129.0488668111301,132.1356611025802,91.11460431188186,94.1016733645899
117,Mason Englert,TBR,3.2,55.46152215207818,61.50166012840174,90.17889882860854,0.0,46.07521020776918,51.093116225687666,165.04065232595565,162.64358287615997,151.74839646680002,69.93052720611362,172.8577053227647,68.04282932686657,131.50544375979084,228.34145266683535,30.016244381218176,111.61859332596715
118,Cody Ponce,TOR,2.1,130.73072592959113,96.64546232508671,135.26834824291282,0.0,131.31435020831415,97.07692257619115,47.15447209313018,63.89569089865933,57.80891293973334,69.93052720611362,91.89391802330854,44.57142317223556,87.1637151648835,0.0,120.0649775248727,127.56410665824818
119,Sonny Gray,BOS,20.1,55.006910833522724,44.36184620878689,123.99598588933675,126.82147890271374,54.71431258679756,44.125873457009966,112.48898161975636,95.3197896806263,95.510377900429,98.14810822450407,100.60866549370371,112.5741769534881,101.21785103016809,79.7382846523196,133.40553044978637,74.41239538055929
120,Logan Henderson,MIL,2.0,159.82347333199957,124.73793747059474,128.12739228639805,0.0,151.11281448878054,117.93950197403706,159.33353720267206,154.25925021793427,211.00689187655303,69.2980217707897,228.4468890435784,38.90744315061193,73.54396293953252,211.41705776412834,46.036852743718704,106.2795371765336
121,Robbie Ray,SFG,22.1,114.50040532418451,111.70562200535545,102.50191382911842,159.39532813955074,123.63775710293936,120.61994464586799,70.81490542340981,79.43200650041476,63.30206756296592,135.40992756304752,62.41113168627981,119.21187814200636,101.28550349516385,107.6660938597946,59.677401645143135,142.6901193475424
122,Sean Burke,CHW,14.1,70.9391455138337,94.3978826667141,75.14908232711416,119.9396940107637,67.34069204414628,89.609466694709,117.07317209328876,114.41785204701543,105.56410188994785,90.00958941228599,133.48272468794252,116.99506560112856,111.47571680514233,68.07695451465597,130.50541014431386,83.19398247009495
123,Zach Pop,PHI,2.0,53.274491110666524,0.0,,0.0,50.37093816292685,0.0,141.62981084681962,115.69443766345069,131.87930742284567,92.39736226865557,111.54762658565964,50.60486324259315,86.0955699764218,66.0678305512901,143.86516482412094,66.4247107353335
124,Colin Rea,CHC,5.0,42.61959288853322,99.7903499764758,42.70913076213268,0.0,45.333844391968015,106.14555188277892,49.98699206358339,61.703700087173694,46.890420417011796,110.87683483326352,46.17534572855652,103.4439179607964,136.301998123979,70.47235241186189,122.76494057318845,88.56628089187839
125,Noah Schultz,CHW,4.1,93.85795117590156,208.1594442265817,45.08944941430427,0.0,87.5429001388761,194.1538451523823,79.57317165715719,120.4187945063529,86.7133694096,59.94045181103394,147.173268085861,94.86054809805172,112.60719258538634,284.68544724349186,65.4899875661997,46.38694766698534
126,Erick Fedde,CHW,14.2,76.25958304181408,92.25247819548883,82.66399057786134,117.21379435561371,77.65902394962954,93.9454084123438,86.44986550407201,86.40439216636942,76.13856826208782,94.96738253061902,101.46035601429246,117.57962466683736,118.95164503360024,121.37751608858471,83.76626331684864,106.7978566956055
127,Mason Montgomery,PIT,1.0,106.54898222133305,0.0,,0.0,113.33461097992003,0.0,106.22235813511472,77.12962510896713,117.22605104252948,138.5960435415794,0.0,26.53242893488657,95.56153933973278,0.0,76.72808782946974,177.13256178375678
128,Riley Martin,CHC,1.0,106.54898222133305,0.0,,0.0,151.11281448878054,0.0,0.0,0.0,0.0,,0.0,26.867599143926533,95.56153933973278,0.0,0.0,265.698842941334
129,Ryne Nelson,ARI,20.1,99.562174610905,98.15445334164288,101.43418556006512,175.0735663286414,100.15616758969392,98.74004739907473,70.81490542340981,79.65847399414122,57.54733414815083,62.99820153421097,88.32306477841534,127.89651901311572,108.64901342754906,91.12804208503367,75.4051896324775,132.849421470667
130,Cole Sulser,TBR,2.0,50.83971982403346,112.7530240178853,45.08944941430427,0.0,48.63494447296289,107.86324719901582,159.14634331431438,149.089925118312,148.65149041645716,139.86105441222725,0.0,86.04197821984174,136.46639110360445,74.56047389282828,102.9128377412452,109.34066270413945
131,Braydon Fisher,TOR,1.0,0.0,0.0,,0.0,0.0,0.0,106.09756220954291,74.544962559156,86.7133694096,139.86105441222725,0.0,74.60321883797998,140.93369246853533,130.48083009533445,60.03248876243635,127.56410665824818
132,Cody Bolton,HOU,5.1,114.38937642221343,253.69431916160167,45.08944941430427,0.0,101.01103828507665,224.0236667367725,89.34531554487825,139.77181312946678,106.72414696566155,89.00248912055878,160.7686538618334,116.2021808409732,140.13159409902164,142.34272336078428,87.31998350164291,92.77389558909891
133,Cade Horton,CHC,7.1,58.11762918551304,68.03887793336668,85.41826152426536,121.35780500282118,69.74437560404904,81.65042354540944,70.81490542340981,63.10605964291075,55.52812944119817,120.51829867757493,62.966383268459914,116.20663942335511,93.35316802504305,105.70852888206417,126.60134504522644,66.4247107353335
134,Jordan Leasure,CHW,1.1,0.0,169.1295763504612,0.0,0.0,0.0,194.1538451523823,0.0,55.90873524904821,0.0,139.86105441222725,0.0,125.43463487803388,177.93102028694386,0.0,120.0649775248727,127.56410665824818
135,Zach Eflin,BAL,3.2,194.11532753227365,123.00332025680348,157.81307295006494,234.42761919771957,180.2353822526439,114.2081434078267,113.17073302351245,121.98268715711997,148.65149041645716,139.86105441222725,58.97523674411471,108.6604619338904,41.77768302737127,130.48083009533445,120.0649775248727,63.78205332912409
136,Emmet Sheehan,LAD,20.0,95.8940885717862,99.79035473485071,96.09554421479852,177.99144810904326,94.88479032427117,98.74004739907473,108.9460083437074,107.98148030151218,100.47947232216812,92.80985056607963,148.12174053591545,123.22391372576827,96.1368565361117,140.94470482372378,92.07370548743741,88.56628089187839
137,Mason Fluharty,TOR,1.0,0.0,225.5060480357706,0.0,0.0,0.0,161.79487031313909,169.7560995352687,223.634887677468,138.74139105536003,93.24070284824414,214.41911284209678,144.67739917786622,277.2731973680598,0.0,48.025991009949095,204.10257065319706
138,Slade Cecconi,CLE,19.2,93.06254099149702,114.6640959284326,81.1610089457477,131.1205142747743,89.53251126691538,110.31468412790954,96.19512306998558,102.34139258461612,89.92497568402963,97.57747973791699,120.63215894665986,127.85877816995041,114.1314919322432,74.56047389282828,115.77694257896583,95.67307999368613
139,Patrick Corbin,TOR,9.2,94.66707072623845,46.65642680016191,202.90252236436922,177.84162300984173,96.08367083075248,47.35459559727899,114.70006725355992,92.53858029768796,106.72414696566155,112.38834721561916,110.90644497133475,122.93024294053888,104.84963687962828,115.9829599687588,71.14961623988607,122.83950999251057
140,Simeon Woods Richardson,MIN,20.2,54.119703413086306,76.38108313607317,70.85484906029696,166.36796408839638,52.335429259570255,73.86287536670064,129.81348787991135,119.03147613533818,109.0110929720686,91.87952471672476,143.29473208737517,134.1568298651322,123.47287586124895,107.24451785797775,88.81518868625342,108.3421179208093
141,Chris Paddack,MIA,14.2,101.7058510746478,17.00971948334167,597.9278306698575,242.71561000564236,97.64212620833939,16.330084496790786,134.8855341398282,110.43560437509382,125.04112111203145,84.5097825695555,183.0209799526059,127.92387991661155,86.11457550963675,121.12435565833675,81.52359324687902,110.70785104842327
142,Jimmy Herget,COL,2.0,0.0,124.73793747059474,0.0,0.0,0.0,117.93950197403706,60.6984903629227,77.12962510896713,50.23973616108406,92.39736226865557,99.6602392085013,144.38943450606607,221.07760970862574,0.0,76.72808782946974,177.13256178375678
143,Matt Waldron,SDP,3.2,116.23527348701694,68.038886781586,170.83652304853072,242.71564156996286,86.35017957834934,50.545500239469874,178.90081370124585,189.31820354890263,175.83907656379424,64.4632760561814,385.4893411160996,153.2658650949051,128.93266129459994,70.47235241186189,92.07370548743741,123.99279319548997
144,Dean Kremer,BAL,11.0,147.89736676082464,41.00109964286738,360.71559531443415,312.57010473208686,162.87051177430766,45.15205613171682,82.8078534318384,67.7681477810509,66.06732907398096,95.3598097120868,98.29204419680677,132.50240484846898,55.26713035351857,83.50773126101406,86.44678381790834,122.46154239191824
145,Shane Drohan,MIL,2.2,79.91175571844703,374.2139016313309,21.35456538106634,0.0,60.445125704844536,283.05480431310673,115.87893614739787,202.46531418253122,117.22605104252948,79.1977391072185,257.0028114482709,151.6767567895926,177.86615454893914,132.1356611025802,115.09213185929677,66.4247107353335
146,Tomoyuki Sugano,COL,20.2,77.33394108810926,60.3570683748357,128.12739228639805,215.31223197268892,79.0706585280029,61.71252922637588,99.66542244776196,89.56988997881678,80.71301875059407,122.29062662987661,86.80085617449296,130.53765585683453,108.59059959663972,72.07399677284643,94.16628968213514,120.77220119204337
147,Shane Smith,CHW,8.1,134.21688081531906,243.54656904088944,55.10932705190758,103.14815030074736,98.26243852940884,178.30455129413446,130.58161502712977,187.85333431321715,141.3106760749037,67.89371570557553,255.1003515600015,131.6557911856746,137.57706931201713,96.65246664063233,106.7244243598291,94.49193076346968
148,Mike Burrows,HOU,22.0,83.19227240925173,71.75192748538021,115.94429847460124,195.35632392602287,76.49379599562253,65.97460752892754,147.41977064904916,135.53630143744226,134.88746352604446,102.83901050672759,155.8968739378504,133.3797327205009,113.17845114721862,88.11692378641949,93.55712519748383,112.65401612714756
149,Cole Ragans,KCR,16.2,97.61226613484536,135.3036344667699,72.14311906288684,154.72220829789657,104.52883592138721,144.89092888494665,96.79075850695143,102.8720526237918,91.27723095747369,111.59126675875109,86.90052387933636,128.669843910908,106.11431718648485,63.64918514503171,111.27973523181423,105.78486884899128
150,Kodai Senga,NYM,17.1,135.23525658633739,143.9283999476723,93.9600876766919,205.3747530912978,121.62738697291758,129.44579443532632,135.72856872820213,146.84295088363746,145.25836759617783,75.87374639861103,229.99382663333532,132.47647331559412,100.23020072423303,140.22559930012716,65.76693232660939,119.29335783297338
151,Noah Cameron,KCR,20.0,86.42752782204256,67.65181763662123,127.75343999216564,214.89195725015676,83.60838735504198,65.44511601627407,117.6021171479271,108.09020086491863,102.3502065162492,95.3598097120868,124.14360628186265,134.13615980494035,107.29554788786733,142.34272336078428,61.85165495031415,119.83294850114376
152,Luis Severino,ATH,24.2,111.29776788887928,182.84274636339322,60.87075670931077,139.3893746219324,106.47109465702687,174.91337383624185,104.90545476898627,126.92791249391131,107.64418271536553,98.3398038835973,142.87017799412976,134.93998037739237,114.98166420394892,128.3417999140931,98.41391586621455,87.83102423558658
153,PJ Poulin,WSN,2.0,106.54898222133305,0.0,,444.97859905437406,129.525269367524,0.0,121.3969807258454,77.12962510896713,87.91953828189712,138.5960435415794,113.37878355300164,188.90428001420307,60.99235590264321,0.0,138.1105582311561,106.2795371765336
154,Andre Pallante,STL,20.0,63.929389332799836,137.21173121765423,46.591778974409166,88.99571981087482,59.78089331013653,128.3078090350466,98.05140750933667,111.83795640800231,87.91953828189712,103.2098196497764,104.27474643794537,130.79067199631382,133.4831129492433,80.08221857776905,118.57977218379298,88.56628089187839
155,Jacob Lopez,ATH,18.1,88.73842159517756,209.10561180441732,42.437128833998464,140.65654956835797,77.81591089411192,183.36751955878844,110.45773599897619,146.37920174521696,102.77140078174816,101.15736636359554,146.99583964810202,148.20535225122183,151.84464239659994,82.40894488385479,80.04331826987182,129.80207323135735
156,Chris Bassitt,BAL,16.0,44.48475749752745,155.03541726542323,28.69328597452474,53.72298995296717,36.915680607422715,128.65616198253323,141.46341627939057,158.40805488006234,125.09469685319345,98.21703259128475,148.66672570889762,137.24370507705302,153.8482221412771,128.3417999140931,110.22358581818628,75.28373502262733
157,Brandon Williamson,CIN,20.2,61.86715572538027,156.92838501611678,39.42381300791408,129.18734514503225,60.445125704844536,153.32135224781155,84.97788650809179,104.4982097974118,70.33563062551768,107.43879338077029,104.563033996671,142.3671332991383,157.33689144798615,100.6747891598027,65.76693232660939,139.1755841827521
158,Eric Lauer,TOR,12.2,96.32789502792862,160.22798954148533,60.119265870709214,203.58185474791375,92.15042085325285,153.27935061860143,97.25609869208101,117.70257836971612,84.08569154870304,79.66768919913964,186.20608102497656,152.0536325748264,132.8070621020786,72.48934958903175,73.37304168735001,141.7378961452045
159,Justin Verlander,DET,3.2,27.73076107603909,123.00332025680348,22.544724707152135,234.42761919771957,23.037604885027342,102.18623342214454,149.78479370759004,162.64358287615997,115.61782587946668,63.57320647472454,289.90530432608625,185.37292717068152,163.81553102760932,195.7212451430017,45.024366571827265,111.61859332596715
160,Javier Assad,CHC,10.0,63.92939542958208,99.79035949322608,64.06369614319902,177.9914565963377,60.445125704844536,94.35160073006524,124.35788269476843,123.4074119433953,106.56913731139043,73.49790183611148,207.78907559481473,144.28462765896288,121.56954336713417,105.70852888206417,98.65039860500619,98.68814155005312
161,Luinder Avila,KCR,3.0,135.57258619742257,225.5060480357706,60.119265870709214,286.52259600441295,97.26988894592579,161.7948703131391,226.3414660470249,273.331529383572,242.79743434687998,87.41315900764202,344.84333433953947,186.81876118875243,137.9554915585814,47.44757410564588,109.14997943708613,115.96736955015568
162,Brandon Pfaadt,ARI,16.2,70.32233094866385,89.81131840485813,78.30007304967351,160.192301770426,68.31127214168437,87.24291848327951,109.44121747254243,106.43888671069593,94.68257968819688,83.99760213801198,148.16193060316897,138.58127576800422,116.6064294181866,57.65919752398566,121.36988444338999,96.61776090049491
163,Eury Pérez,MIA,20.0,106.54898222133305,137.21173121765423,77.65296501429411,177.99143962174963,99.63482248578651,128.3078090350466,108.9460083437074,119.55091891889904,104.20093426002619,91.04849567833323,134.2153794804974,140.584324498719,123.77129672134728,92.72677946147392,76.72808782946974,130.51872981930464
164,Ryan Weiss,HOU,3.2,83.19228322811728,246.00664051360695,33.817087060728205,234.42761919771957,82.07146888019633,242.69230644047786,106.09756220954291,142.31313501664,86.7133694096,124.8759413196077,116.92267065877228,199.38483250931932,158.94211051174727,57.9914799843794,80.04331826987182,141.7378961452045
165,Max Scherzer,TOR,16.1,62.252719363486264,69.03246502798056,90.17889882860854,210.50640116149827,64.36977928214827,71.38008938719939,109.52006421630239,95.84352515572115,86.7133694096,76.75301755267557,170.66011354277433,146.10748588259415,128.70990501138135,110.40685595347817,60.03248876243635,137.3767301295927
166,Merrill Kelly,ARI,5.1,59.933806071833054,187.10691735833345,32.03184807159951,166.86698459143764,56.667305489960015,176.9092524303278,106.22235813511472,130.15625012929908,87.91953828189712,127.65425055016226,84.18291692180641,171.91044456873308,150.24277409497884,132.1356611025802,71.93258241206047,116.24324378683362
167,Germán Márquez,SDP,18.2,85.61972077261865,80.18867681944953,106.7728269053317,238.38140046977963,86.07691940449254,80.61687475362717,116.40806370971475,107.43055291798132,99.53155277195899,131.3015149268333,100.9614800343115,149.1961837802562,112.34559650922424,109.35365018491481,71.43649550186927,128.26840675395513
168,Michael Lorenzen,COL,15.2,88.4129942174042,79.6199681654348,111.04373998154497,227.2231374636027,66.21797462347014,59.63233222025346,165.81051025969126,182.15721820614155,151.49212750111502,78.84206063506191,190.83877529266613,144.38944176693033,108.33572498933934,99.5804981686141,126.76814507953466,69.31274157910913
169,Brayan Bello,BOS,18.2,70.81247292740701,144.96818608124858,48.84690351713314,138.14483483651884,61.85096169305048,126.62207233456373,127.3170746514515,143.76529717705725,113.8112973501,87.96292721796354,153.4282255435362,137.3958196438945,118.08500638231776,104.38466407626758,129.30074491595678,66.72584026847616
170,Brent Suter,LAA,2.0,101.67943964806692,225.5060480357706,45.08944941430427,429.78389400661945,87.5429001388761,194.1538451523823,159.14634331431438,186.36240639789,138.74139105536003,139.86105441222725,105.32722826599532,250.1124915168431,115.6847584297626,173.9744399531382,120.0649775248727,42.52136871599725
171,Jose Quintana,COL,8.0,39.95587309611114,249.47590468103482,16.015924035799756,111.24466302499076,36.757171091865544,229.50389573326132,102.5595181994211,144.61806431913004,84.40275675062122,101.90885545559918,124.57531386116125,165.26330908272843,202.25021412843586,105.70852888206417,36.82948219497496,170.04725948245377
172,Colton Gordon,HOU,3.2,138.65380538019545,0.0,,468.85523839543913,115.18802617599471,0.0,188.61788837252072,162.64358287615997,189.1928059845818,112.79117278676038,233.84534131754455,199.38483250931932,74.93588361541916,120.44384276344464,92.35767487136057,98.12623573395815
173,Roki Sasaki,LAD,13.0,122.94113333230736,191.90451918553035,64.06369614319902,205.37473802509572,107.93772469960588,168.48500221350696,112.23494444464951,142.39315404732395,110.52741955438495,104.99700260321698,157.76279304808094,147.61222012501483,119.17628792029798,114.2794905690331,80.87555203646811,114.89679683270708
174,Pete Fairbanks,MIA,1.0,106.54898222133305,249.4758749411895,42.70913076213268,889.9571981087481,64.76263445709277,151.63650177986514,212.44471627022943,308.51850043586853,175.83907656379424,53.30617050762528,671.0768974024869,427.89662636288756,205.4403649981581,105.70852888206417,46.036852743718704,159.41930576480038
175,Ryan Johnson,LAA,3.1,61.00766960698492,270.60728345004634,22.544724707152135,257.8703609964057,41.68709520000897,184.90842349237877,174.74892599218833,245.99839990545038,148.65149041645716,72.84429912641468,379.1780579188206,222.04649623754253,201.06231441915773,139.17955175374124,64.03465451984547,119.05983271094615
176,Ryan Feltner,COL,18.0,82.87143500727898,97.0184009506824,85.41826152426536,247.21034590566103,80.33845802019202,94.0530196613521,118.0248423723497,115.69444379316288,99.53155277195899,97.01723047910556,132.8803259849214,149.6907372598125,112.95948609203184,82.01523750655045,99.21735487649535,109.94434868420424
177,Brandon Sproat,MIL,9.2,99.20078307539553,129.03925414623058,76.87643537183882,276.1936313715958,97.14395213897762,126.36375219085795,114.8349817676916,119.68390890284346,98.46988287572476,89.83076894160205,189.05950681545772,169.82352822199377,118.9046646933536,78.30261390841157,76.72808782946974,137.76977027625526
178,Jameson Taillon,CHC,22.2,98.71450100333749,99.05660018158216,99.6546384307399,235.57691198948186,100.21165576189124,100.55894377721629,99.97398412716679,98.68055253968171,84.88783006527997,121.91318636134731,101.85738314060322,152.24255458569274,115.19343998784306,75.5060916055807,73.0743693285163,143.39302616794137
179,Kyle Leahy,STL,19.0,72.90193520406999,105.04247365944819,69.4023374884656,187.35941012815752,68.52790399715738,98.74004739907473,115.87893614739787,117.72416464000246,99.64214338615005,107.92314857763219,134.1546445400467,149.74505122718472,112.52000584355714,100.6747891598027,116.91899087958923,80.13139692149981
180,George Klassen,LAA,4.2,130.73072592959113,483.2273116254336,27.053669648582563,184.1931225257298,82.07146888019633,303.3653830505974,135.03326099396372,271.5566863193021,138.74139105536003,89.65452205553386,270.84148101178283,230.06536316130035,188.04332522097798,139.17955175374124,128.06930927982089,51.025642663299266
181,Zack Littell,WSN,14.0,98.93834063409498,71.27882141176842,138.8046749769312,317.8418564674101,89.29393548397245,64.33063686140812,143.91416263467153,137.73147340886987,127.88296477366852,100.0971425270082,194.3636289480028,167.46552299539226,88.56479736478535,107.86584545285396,112.7433127572026,81.33638023196868
182,Matthew Liberatore,STL,21.0,60.885132697904595,95.03842854902457,64.06369614319902,211.89457097827335,57.87299262860925,90.336638861366,123.514369924552,121.20369659980548,101.9356965587213,122.60419227841497,110.34364702428081,157.58248307319812,124.36799678813928,115.84496305706213,88.28985438464903,105.55159488265846
183,Cristian Javier,HOU,9.1,43.576908643197044,217.4522902314451,20.039755275206588,184.1931225257298,36.47620824529354,182.01922983035843,149.1100874296279,175.71314997131313,123.0770404523355,72.5694149513234,298.57038005278235,206.1089998456572,191.58153693082485,114.17072633341768,75.04061095304544,119.59134999210765
184,Luis Gil,NYY,9.0,79.08400861516316,125.28113779765032,63.125229180025975,382.030128005884,74.73174388220427,118.38649044935133,97.00348544872496,107.67605702989201,57.80891293973334,116.5508786302357,167.65247849673872,219.02046783999776,126.08653704932279,57.9914799843794,115.61812638981486,103.94112383981664
185,Miles Mikolas,WSN,12.1,95.0301757819413,141.59441915675512,67.1143483221903,360.7934679921807,74.42869953148733,110.89833678989291,155.79279193150157,181.35885290371402,135.8756500720228,62.99820153421097,312.557735688769,206.1422028544286,130.65234157322269,99.10174582693514,91.11460431188186,110.70785104842327
186,Taijuan Walker,PHI,18.2,91.3277021574599,133.64779469908254,68.33460921941229,286.0576805637356,77.16399002036619,112.92079910743527,143.3361941100343,157.01388503397268,126.83474375093353,86.05636681069316,227.07910471221817,179.59945527630524,120.56858959860163,118.33044277054132,99.63199453773366,91.21005053815655
187,Tyler Mahle,SFG,18.2,119.86760908166612,160.37735363889905,74.74097883373219,286.0576805637356,108.18303746507192,144.7439339996238,134.1756102759344,148.74999634797413,129.18789298564474,105.45351136020258,186.67614854123983,180.04955498239477,94.48759856116753,117.45392086261737,119.35480329028627,68.88488513812763
188,Luis Morales,ATH,7.1,69.32689367437645,246.00660852130352,28.18090588394017,468.85517742245486,52.10886910943984,184.90842349237877,167.18403742109794,213.46967476397154,130.0700541144,102.33735687676182,282.68431436800194,293.79797480850885,197.3439576019466,93.20059262699701,68.60855841412015,136.67582838017427
