rank,Name,Team,K/9,BB/9,K/BB,HR/9,K%,BB%,K-BB%,AVG,WHIP,BABIP,LOB%,ERA-,FIP-,xFIP-,ERA,FIP,E-F,xFIP,SIERA
1,Cam Schlittler,NYY,12.461538827207677,0.41538462757358924,30.0,0.0,0.37037037,0.01234568,0.35802469,0.1875,0.7384615601308253,0.3,0.625,60.126925108828985,13.738627874852774,33.89578201811333,2.4923077654415353,0.526483194475341,1.9658245709661943,1.3603127425660793,1.6480784213354203
2,José Soriano,LAA,10.333333333333334,3.0,3.44444444,0.3333333333333333,0.31958763,0.09278351,0.22680412,0.10227272727272728,0.6666666666666666,0.14285714285714285,1.0,7.858909233644466,56.59620537478296,66.72819049773322,0.3333333333333333,2.3424376876265915,-2.009104354293258,2.735962496366766,2.868480770189967
3,Bryan Woo,SEA,7.2,1.8,4.0,0.0,0.20618557,0.05154639,0.15463918,0.1978021978021978,0.92,0.2535211267605634,0.66666667,55.11252489215833,58.243535319910855,107.52250453573602,2.16,2.2772525024414065,-0.11725250244140639,4.445209263861179,4.1163059219463225
4,Jeffrey Springs,ATH,7.2972974853850054,2.918918994154002,2.5,0.0,0.21978022,0.08791209,0.13186813,0.13253012048192772,0.7702702901239727,0.1746031746031746,0.78947368,33.86164415463234,60.3127945388792,94.91819941157675,1.459459497077001,2.508603837073851,-1.04914433999685,3.917099690308531,4.050316047561855
5,Max Fried,NYY,6.428571647527274,1.6071429118818186,4.0,0.0,0.19047619,0.04761905,0.14285714,0.16326530612244897,0.7500000255448487,0.20512820512820512,0.73913043,46.52678750601289,59.478190660723264,93.75581954222929,1.9285714942581822,2.478681050757972,-0.5501095564997898,3.8683969707963968,3.914259522402421
6,Seth Lugo,KCR,7.767123693551034,2.2191781981574383,3.5,0.0,0.22826087,0.06521739,0.16304348,0.20930232558139536,0.986301421403306,0.27692307692307694,0.79166667,34.25996227757642,53.40613453497386,81.86770048282374,1.479452132104959,2.1709510810381003,-0.6914989489331413,3.3702949790593033,3.6557036002568837
7,Taj Bradley,MIN,12.046154199634088,3.323077020588714,3.625,0.0,0.31182796,0.08602151,0.22580645,0.2289156626506024,1.2461538827207677,0.35185185185185186,0.89655172,29.502387423573882,45.943052223343045,79.61815446723732,1.2461538827207677,1.8649447722124621,-0.6187908894916945,3.2760409305198652,3.07245249222646
8,Nick Pivetta,SDP,13.5,3.375,4.0,0.0,0.36363636,0.09090909,0.27272727,0.2,1.125,0.3333333333333333,0.55555556,115.76603887430457,30.442688155083257,75.18134718858316,4.5,1.2822525024414064,3.2177474975585936,3.1062545853666963,2.705609328488119
9,Cristopher Sánchez,PHI,12.492537491250928,2.820895562540532,4.42857143,0.4029850803629331,0.32631579,0.07368421,0.25263158,0.2727272727272727,1.3880597212501031,0.4107142857142857,0.81081081,49.08914665107736,44.693383122022695,51.10413643417375,2.014925401814666,1.903521141312281,0.11140426050238483,2.130370682384444,2.4696390007313944
10,Dylan Cease,TOR,13.935484299674627,5.225806612377985,2.66666667,0.0,0.35955056,0.13483146,0.2247191,0.18421052631578946,1.2580645548317373,0.3181818181818182,0.77777778,41.8030962861891,47.23244889659679,65.56587679696246,1.7419355374593284,1.9475750458724284,-0.20563950841309997,2.687262549261241,3.1629472158489067
11,Kevin Gausman,TOR,12.492537491250928,2.014925401814666,6.2,0.8059701607258662,0.35227273,0.05681818,0.29545455,0.1686746987951807,0.8507462807661922,0.24,0.74074074,58.02519239332991,53.57050078384294,54.77348215016493,2.4179104821775987,2.2169539815945623,0.2009565005830365,2.235070470571596,2.324880246566756
12,Reid Detmers,LAA,10.323530135682761,2.3823531082344833,4.33333333,0.39705885137241387,0.27659574,0.06382979,0.21276596,0.20930232558139536,1.0588236036597702,0.288135593220339,0.6504065,84.25213578047509,60.20189480105551,83.88297529827729,3.5735296623517248,2.4954877501540498,1.078041912197675,3.454733265255708,3.199431550204663
13,Shota Imanaga,CHC,12.681818181818182,2.0454545454545454,6.2,0.8181818181818182,0.37804878,0.06097561,0.31707317,0.15584415584415584,0.7727272727272727,0.22727272727272727,0.77464789,61.88528849709308,53.77840230873615,61.135162053653566,2.4545454545454546,2.202707047895952,0.25183840664950274,2.5369425453922965,2.288537008321458
14,Tarik Skubal,DET,8.506849759603513,1.479452132104959,5.75,0.36986303302623974,0.24210526,0.04210526,0.2,0.2111111111111111,0.9452055288448349,0.2727272727272727,0.75221239,52.80348246558406,59.07785866106162,75.00189769173879,2.2191781981574383,2.417526436388927,-0.1983482382314885,3.0826237311500058,3.257675457050629
15,Nolan McLean,NYM,10.64788760998921,3.0422536028540597,3.5,0.38028170035675746,0.31460674,0.08988764,0.2247191,0.125,0.7605634007135149,0.17647058823529413,0.68181818,58.43084581429788,60.12873597738441,70.83638410354692,2.281690202140545,2.4811961462516154,-0.19950594411107048,2.9301469964524594,3.0114155936860145
16,Braxton Ashcraft,PIT,10.588235294117647,2.6470588235294117,4.0,0.0,0.3030303,0.07575758,0.22727273,0.19672131147540983,1.0,0.2926829268292683,0.76470588,51.452589370345414,40.32296318606473,68.39356819769382,2.1176470588235294,1.6866642671472887,0.43098279167624076,2.831136162316098,2.9327365051887258
17,Shohei Ohtani,LAD,9.0,3.0,3.0,0.0,0.26086957,0.08695652,0.17391304,0.11290322580645161,0.7222222222222222,0.1590909090909091,0.85714286,12.442613596569872,54.28803562824612,88.26191092648688,0.5,2.323919169108073,-1.823919169108073,3.6364286044405567,3.5441476671331293
18,Logan Gilbert,SEA,9.507042508918937,1.5211268014270298,6.25,0.7605634007135149,0.27472527,0.04395604,0.23076923,0.25287356321839083,1.0985915788084104,0.3333333333333333,0.64655172,106.73200529925234,67.53794650073351,79.10427884878702,4.183098703924332,2.6502102352990633,1.532888468625269,3.2545099828757365,3.107526890475516
19,Emerson Hancock,SEA,9.507042508918937,1.5211268014270298,6.25,0.7605634007135149,0.29411765,0.04705882,0.24705882,0.175,0.7605634007135149,0.22641509433962265,0.80246914,58.21745743595581,70.69692331076529,73.72083268714255,2.281690202140545,2.776970802084649,-0.4952805999441039,3.0289482062713047,2.811399658488285
20,Trevor Rogers,BAL,7.60563400713515,2.281690202140545,3.33333333,0.38028170035675746,0.20408163,0.06122449,0.14285714,0.26373626373626374,1.2676056678558583,0.32857142857142857,0.77702703,73.62907398301047,71.17378503937233,98.26497951162308,3.0422536028540597,2.903731368870235,0.1385222339838248,4.057326905851113,3.9505941421806865
21,Joe Ryan,MIN,9.281250138301404,2.5312500377185647,3.66666667,0.4218750062864275,0.25882353,0.07058824,0.18823529,0.19480519480519481,0.9843750146683308,0.25925925925925924,0.60185185,89.89008538294935,68.95669711562266,97.94105146582774,3.7968750565778473,2.829127497551963,0.9677475590258844,4.043754598576607,3.6091224310516656
22,Randy Vásquez,SDP,10.384615689339732,3.323077020588714,3.125,0.41538462757358924,0.27777778,0.08888889,0.18888889,0.24691358024691357,1.2923077302289443,0.34545454545454546,0.83333333,64.11657725796354,65.62038944833076,83.48144433834229,2.4923077654415353,2.6957140273596405,-0.20340626191810518,3.4426694335922297,3.418274864681453
23,Bryce Elder,ATL,8.871429054883087,2.700000147138331,3.28571429,0.38571430673404733,0.25274725,0.07692308,0.17582418,0.20481927710843373,1.028571484624126,0.2711864406779661,0.88983051,19.008689342792355,68.2486636735034,84.03583448509953,0.7714286134680947,2.7715381957073593,-2.0001095822392645,3.4651396617972665,3.5043021598662043
24,Framber Valdez,DET,4.875,2.625,1.85714286,0.0,0.125,0.06730769,0.05769231,0.23958333333333334,1.25,0.27710843373493976,0.64516129,89.22810228144299,74.73055790749821,102.43424920068394,3.75,3.0739191691080734,0.6760808308919266,4.23201572969556,4.368923048488726
25,Landen Roupp,SFG,9.720000370788588,2.70000010299683,3.6,0.0,0.26086957,0.07246377,0.1884058,0.21875,1.1400000434875506,0.30434782608695654,0.57894737,82.19502615267702,47.076498053764986,65.9250113238211,3.240000123596196,1.897252454376219,1.3427476692199771,2.731082009807282,3.0738250541596397
26,Mick Abel,MIN,10.058823529411764,3.176470588235294,3.16666667,0.0,0.26027397,0.08219178,0.17808219,0.21875,1.1764705882352942,0.3111111111111111,0.82608696,50.13477454277031,61.344208887590476,94.50792517296111,2.1176470588235294,2.5101936789119947,-0.3925466200884653,3.8999095516169775,3.540799632733428
27,Sandy Alcantara,MIA,6.527472595880033,1.7802197988763726,3.66666667,0.8901098994381863,0.18965517,0.05172414,0.13793104,0.1834862385321101,0.8571428661256608,0.20238095238095238,0.74561404,65.23070913124556,89.4163003875952,98.42477026312972,2.670329698314559,3.6847250354418133,-1.0143953371272545,4.0483438771881,4.002598450330909
28,Michael Wacha,KCR,7.285714285714286,2.142857142857143,3.4,0.42857142857142855,0.22972973,0.06756757,0.16216216,0.14705882352941177,0.7142857142857143,0.18,1.0,9.924512363379739,73.59810146132114,90.18748148587234,0.42857142857142855,3.0143953595842636,-2.5858239310128353,3.7188866669223426,3.7512259832945425
29,Jesús Luzardo,PHI,11.911765541172416,1.9852942568620693,6.0,1.1911765541172417,0.30612245,0.05102041,0.25510204,0.3010752688172043,1.4558824550321843,0.4166666666666667,0.41666667,193.46900055530264,68.65841769426628,47.12279568296722,7.941177027448277,2.892546601526464,5.048630425921813,1.9690012284630347,2.4796662042698934
30,Tyler Glasnow,LAD,11.0,2.0,5.5,1.0,0.30985915,0.05633803,0.25352113,0.19402985074626866,0.9444444444444444,0.2558139534883721,0.63380282,99.54090877255898,66.27282424473181,68.770087618242,4.0,2.823919169108073,1.176080830891927,2.8463970347411105,2.767766845681762
31,Rhett Lowder,CIN,5.869565460767558,2.739130548358194,2.14285714,0.39130436405117053,0.15957447,0.07446809,0.08510638,0.21839080459770116,1.1304348294811593,0.2535211267605634,0.6504065,83.10783314840043,76.8735371485086,110.01712523161983,3.5217392764605346,3.3311655531308157,0.1905737233297189,4.518198659238967,4.677436525307999
32,Yoshinobu Yamamoto,LAD,7.363636546039248,1.051948078005607,7.0,1.051948078005607,0.22105263,0.03157895,0.18947368,0.1978021978021978,0.8181818384488053,0.22388059701492538,0.8988764,52.35593383311243,82.66760022266601,86.3421958389806,2.103896156011214,3.5079018617766087,-1.4040057057653947,3.558619797128171,3.471374960482766
33,Carmen Mlodzinski,PIT,9.418605486723921,3.7674421946895684,2.5,0.0,0.234375,0.09375,0.140625,0.29310344827586204,1.6046513051455569,0.3953488372093023,0.82608696,61.02516955070148,56.01443327102573,82.0973315318636,2.5116281297930456,2.320043125843725,0.19158500394932076,3.3865693553260297,3.7703870558738712
34,Parker Messick,CLE,8.150943689560213,2.5471699029875667,3.2,0.5094339805975133,0.24242424,0.07575758,0.16666667,0.18032786885245902,0.9056604099511348,0.22727272727272727,1.0,12.297078478158497,72.27321394297181,81.97846216220083,0.5094339805975133,2.9308373999536226,-2.421403419356109,3.37493579842107,3.5816175943227178
35,Aaron Nola,PHI,9.671641928710395,2.4179104821775987,4.0,1.2089552410887994,0.25806452,0.06451613,0.19354839,0.26436781609195403,1.2985074811694512,0.3333333333333333,0.76612903,98.17829330215471,84.83720994339029,74.00290410221648,4.029850803629332,3.5602375828043398,0.4696132208249919,3.058490595995321,3.255617132238922
36,Steven Matz,TBR,9.5625,2.8125,3.4,0.5625,0.26984127,0.07936508,0.19047619,0.17543859649122806,0.9375,0.23076923076923078,0.61643836,93.10484618908993,71.08413465536245,92.30335855549939,3.9375,2.9697525024414064,0.9677474975585936,3.8075401012785735,3.5709853520986417
37,Hunter Brown,HOU,14.343750854954175,5.062500301748532,2.83333333,0.0,0.39534884,0.13953488,0.25581395,0.13513513513513514,1.0312500614672937,0.25,0.90909091,20.242622406456157,41.174874233450694,59.63986261595352,0.843750050291422,1.657252413034434,-0.8135023627430119,2.4389676380248453,2.9474832255306977
38,Joe Boyle,TBR,9.191489734710114,3.4468086505162927,2.66666667,0.5744681084193821,0.24242424,0.09090909,0.15151515,0.18333333333333332,1.0851064270143884,0.23255813953488372,0.38461538,122.25317685696918,73.98579241112658,95.68040890326964,5.170212975774439,3.0934227126170306,2.0767902631574087,3.949035614236948,3.877045506464772
39,Logan Webb,SFG,7.875,3.375,2.33333333,0.375,0.2,0.08571429,0.11428572,0.25263157894736843,1.375,0.3150684931506849,0.58282209,133.18637988895816,80.41221704897936,88.39035381281859,5.25,3.1989191691080734,2.0510808308919266,3.64163457894077,3.847034118535628
40,Kyle Bradish,BAL,9.610169802202444,4.576271334382117,2.1,0.45762713343821165,0.23863636,0.11363636,0.125,0.28205128205128205,1.627118696669197,0.375,0.58823529,132.90671901755246,78.48344153775751,92.57749954097055,5.49152560125854,3.208099961712319,2.283425639546221,3.8190263734295855,4.075764290680194
41,Keider Montero,DET,8.709677687296642,1.7419355374593284,5.0,0.0,0.26315789,0.05263158,0.21052632,0.1388888888888889,0.6774193756786278,0.19230769230769232,0.57142857,41.44789394776035,44.40954594855128,89.38479206783498,1.7419355374593284,1.802413751084151,-0.06047821362482253,3.6852546688011283,3.332019165372861
42,David Peterson,NYM,9.610169802202444,4.576271334382117,2.1,0.45762713343821165,0.21649485,0.10309278,0.11340206,0.3023255813953488,1.8305085337528466,0.390625,0.61797753,164.06853405863146,81.96057958697426,89.55685796803967,6.406779868134963,3.360642339525056,3.0461375286099073,3.688914666300294,3.938772608503456
43,MacKenzie Gore,TEX,12.857143441025118,4.714285928375877,2.72727273,0.8571428960683413,0.35294118,0.12941176,0.22352941,0.1643835616438356,1.0952381449762139,0.24390243902439024,0.80188679,72.57784328344763,78.49143066346787,70.03931203950424,3.000000136239194,3.2524906020045554,-0.25249046576536127,2.874695648903195,3.161495851365012
44,Joey Cantillo,CLE,10.451613707051255,3.9193551401442206,2.66666667,0.8709678089209378,0.2962963,0.11111111,0.18518519,0.2222222222222222,1.2096775123901915,0.30434782608695654,0.81081081,63.07211477543205,83.5912588633446,84.62944782600174,2.6129034267628137,3.399188004919444,-0.7862845781566303,3.486009823891987,3.5296656779278575
45,Lance McCullers Jr.,HOU,9.978261076435029,3.521739203447657,2.83333333,0.5869565339079429,0.27868852,0.09836066,0.18032787,0.2545454545454545,1.304347853128762,0.35135135135135137,0.53763441,140.81823735355053,72.4514389719067,75.67304727929506,5.869565339079428,2.961600324472092,2.907965014607336,3.1107443232003362,3.415835414166623
46,Michael Soroka,ARI,13.21276649364579,3.4468086505162927,3.83333333,0.5744681084193821,0.34328358,0.08955224,0.25373134,0.22413793103448276,1.21276600666314,0.35294117647058826,0.82524272,70.41493539939421,69.35086957008768,74.96917723528503,2.872340542096911,2.7742737634951515,0.09806677860175927,3.097655032692921,2.785496447659416
47,Drew Rasmussen,TBR,9.5625,0.5625,17.0,1.125,0.28813559,0.01694915,0.27118644,0.13793103448275862,0.5625,0.15384615384615385,0.96774194,26.601384625454262,68.15127621713842,63.70917592174566,1.125,2.8447525024414064,-1.7197525024414064,2.609468375146389,2.5762026386981276
48,Kris Bubic,KCR,11.5,3.5,3.28571429,1.0,0.33823529,0.10294118,0.23529412,0.13114754098360656,0.8333333333333334,0.16666666666666666,0.81967213,57.89298878638182,78.34808050086389,78.64546135977963,2.5,3.212808057996962,-0.7128080579969618,3.2352859236299993,3.01313174265506
49,Bailey Ober,MIN,6.406779868134963,2.2881356671910584,2.8,0.9152542668764233,0.16470588,0.05882353,0.10588235,0.25316455696202533,1.2711864817728102,0.2857142857142857,0.60344828,130.01052123761437,96.20704872809166,110.18326829371085,5.49152560125854,3.970811850776005,1.520713750482535,4.556692983090974,4.520416270993298
50,Max Meyer,MIA,9.152542668764234,4.118644200943905,2.22222222,0.9152542668764233,0.22727273,0.10227273,0.125,0.21518987341772153,1.3220339410437225,0.2631578947368421,0.73275862,100.6100789937795,92.70976672075957,94.99933219229635,4.118644200943905,3.8182694729632676,0.30037472798063725,3.9095059566296873,4.144981233700878
51,Edward Cabrera,CHC,7.020000267791758,4.860000185394294,1.44444444,0.0,0.1969697,0.13636364,0.06060606,0.17543859649122806,1.1400000434875506,0.22727272727272727,0.84210526,40.844291966167525,79.23049117674333,106.72129381427644,1.620000061798098,3.217252504730225,-1.5972524429321269,4.384613882333713,4.945255575164549
52,Mitch Keller,PIT,5.7272727272727275,3.6818181818181817,1.55555556,0.4090909090909091,0.15555556,0.1,0.05555556,0.225,1.2272727272727273,0.26153846153846155,0.78947368,69.57793335308072,93.64716313537664,114.52838198982396,2.8636363636363638,3.839070684259588,-0.9754343206232243,4.701046369360252,5.021197096630274
53,Andrew Painter,PHI,8.67857172416182,1.9285714942581822,4.5,0.0,0.21428571,0.04761905,0.16666667,0.325,1.6071429118818186,0.41935483870967744,0.66666667,117.46331752960263,43.91840515260245,92.475561743666,4.821428735645456,1.8715381729359517,2.949890562709504,3.8072139187037575,3.7332979545681333
54,Michael King,SDP,7.941176693332243,3.9705883466661214,2.0,0.3970588346666121,0.21505376,0.10752688,0.10752688,0.2,1.1470588557035462,0.2542372881355932,0.76086957,71.50255542795723,90.28278841678745,110.14268469654527,2.779411842666285,3.6866642819968893,-0.9072524393306045,4.523287764531837,4.38183287345962
55,George Kirby,SEA,7.156626670484122,1.951807273768397,3.66666667,0.9759036368841985,0.21359223,0.05825243,0.15533981,0.20833333333333334,0.9397590577403392,0.23943661971830985,0.74561404,83.00079240760529,94.58589246478886,82.1177486896513,3.253012122947328,3.735565768743154,-0.48255364579582594,3.3807717844503595,3.3732019466336705
56,Matthew Boyd,CHC,16.392859376206996,2.8928575369777048,5.66666667,0.9642858456592349,0.45945946,0.08108108,0.37837838,0.23529411764705882,1.178571589139065,0.4375,0.3125,170.18456655281312,45.47030440858716,43.41611285926243,6.750000919614645,1.8715380415624265,4.878462878052218,1.8187640544809176,1.732973792959842
57,Davis Martin,CHW,7.5,2.0,3.75,1.0,0.21428571,0.05714286,0.15714286,0.24615384615384617,1.1111111111111112,0.2916666666666667,0.87912088,59.48159830903526,88.8513119460969,95.59016217978183,2.5,3.7683636135525176,-1.2683636135525176,3.945254353930553,3.94914820988646
58,Jack Flaherty,DET,9.450000450611135,6.300000300407424,1.5,0.45000002145767315,0.23863636,0.15909091,0.07954545,0.19718309859154928,1.4000000667572052,0.2653061224489796,0.70945946,96.36635505906432,102.94897147712562,125.66646999072123,4.050000193119058,4.257252554893496,-0.2072523617744375,5.205425853716653,4.923082091652274
59,Casey Mize,DET,10.125000603497064,3.375000201165688,3.0,1.1250000670552294,0.25352113,0.08450704,0.16901408,0.26153846153846155,1.437500085681682,0.3333333333333333,0.79207921,93.68951297984526,88.64104356408095,93.46602020244715,3.937500234693303,3.6572525322437306,0.2802477024495724,3.8562546270304696,3.730302054819029
60,Connelly Early,BOS,9.152542668764234,4.576271334382117,2.0,0.45762713343821165,0.23809524,0.11904762,0.11904762,0.20833333333333334,1.2711864817728102,0.27450980392156865,0.859375,52.38881910167362,87.40143651638856,105.65907322015265,2.2881356671910584,3.614879635879618,-1.3267439686885596,4.367133090067899,4.281640929363759
61,Ryan Weathers,NYY,12.000000544956777,3.000000136239194,4.0,1.7142857921366825,0.31111111,0.07777778,0.23333333,0.26506024096385544,1.3809524436656608,0.35294117647058826,0.81196581,103.39286229831976,94.34393344074839,68.59367618515468,4.285714480341706,3.966776348728173,0.31893813161353357,2.8141247465779555,2.9867168344693997
62,Jacob deGrom,TEX,12.638298385226408,2.2978724336775285,5.5,1.7234043252581464,0.36065574,0.06557377,0.29508197,0.19298245614035087,0.9574468473656369,0.25,0.92592593,69.48942408460648,86.82237363165291,74.61027827774595,2.872340542096911,3.604061031212037,-0.7317204891151263,3.066215213609258,2.611367802268573
63,Jacob Misiorowski,MIL,13.707692709928445,3.7384616481623034,3.66666667,1.661538510294357,0.375,0.10227273,0.27272727,0.16883116883116883,1.015384645179885,0.225,0.86956522,82.90139455510574,97.905764111977,67.34679037702766,3.323077020588714,4.034175605096761,-0.7110985845080475,2.788708755104909,2.646044634184621
64,Luis Castillo,SEA,9.6923084033312,2.7692309723803428,3.5,0.6923077430950857,0.22580645,0.06451613,0.16129032,0.3333333333333333,1.7692308990207746,0.42857142857142855,0.57522124,176.6427209461197,80.17385374086062,88.63573052268265,6.9230774309508565,3.157252502441407,3.7658249285094496,3.6538696325553115,3.651445267413667
65,Will Warren,NYY,9.818183009880778,2.9454549029642334,3.33333333,0.9818183009880778,0.25,0.075,0.175,0.2328767123287671,1.2545456068180993,0.29411764705882354,0.70754717,59.215916541841594,84.32288567085797,79.18588326173844,2.4545457524701946,3.5390707306034366,-1.084524978133242,3.257929137783466,3.293564126186371
66,Dustin May,STL,6.982758735504787,1.86206899613461,3.75,0.931034498067305,0.17857143,0.04761905,0.13095238,0.34615384615384615,1.6034483022270252,0.4098360655737705,0.56291391,176.69727266787783,96.29312331749797,101.91592874700164,6.982758735504787,3.8813904453826438,3.1013682901221435,4.1898455403966,4.092264654985236
67,Grant Holmes,ATL,7.061538668751017,4.1538462757358925,1.7,0.8307692551471785,0.19318182,0.11363636,0.07954546,0.1794871794871795,1.107692340196238,0.2033898305084746,0.75471698,81.88358280173564,103.50154140962809,111.44704783032284,3.323077020588714,4.172637147621291,-0.8495601270325772,4.5761554741216575,4.748630245819632
68,Freddy Peralta,NYM,10.714286200854264,3.428571584273365,3.125,1.2857143441025118,0.28089888,0.08988764,0.19101124,0.2,1.1428571947577884,0.25,0.76923077,98.77595547065091,95.82545425579477,75.541338422232,3.8571430323075355,3.9191572989465984,-0.06201426663906284,3.120845546658518,3.3475140647389376
69,Kyle Freeland,COL,7.468085409451968,2.2978724336775285,3.25,0.5744681084193821,0.19402985,0.05970149,0.13432836,0.22033898305084745,1.0851064270143884,0.26666666666666666,0.86734694,50.01658279828557,89.10358681681248,101.74114883390327,2.2978724336775285,3.8593801905095404,-1.561507756832012,4.18276145970731,3.8148346194554765
70,Jack Kochanowicz,LAA,6.942857521212852,5.785714601010709,1.2,0.38571430673404733,0.18181818,0.15151515,0.03030303,0.16666666666666666,1.2428572105874858,0.2,0.6884058,81.84493062200642,98.00500503968196,115.84014256044979,3.471428760606426,4.100109696680189,-0.6286809360737631,4.793711162770096,5.184351913106901
71,Cade Povich,BAL,6.750000643730225,0.0,5.0,0.0,0.20833333,0.0,0.20833333,0.20833333333333334,0.7500000715255806,0.2631578947368421,0.8,32.67290381816487,41.23858933909395,85.75976076344834,1.350000128746045,1.6572523593902457,-0.3072522306442007,3.533368966462395,3.484849407328385
72,Justin Wrobleski,LAD,2.769230769230769,2.769230769230769,1.0,0.0,0.08695652,0.08695652,0.0,0.09523809523809523,0.6153846153846154,0.10526315789473684,0.875,17.228234210635208,81.63793785561089,123.5933646462946,0.6923076923076923,3.464944810133714,-2.7726371178260214,5.068463124793309,5.600755110005102
73,Janson Junk,MIA,6.480000247192392,2.160000082397464,3.0,1.080000041198732,0.17391304,0.05797101,0.11594203,0.26153846153846155,1.2600000480651874,0.29411764705882354,0.65934066,105.52879458088394,97.12383815846636,99.82042054375073,4.320000164794928,3.997252534484865,0.32274763031006337,4.104911585837711,4.249275589873903
74,Adrian Houser,SFG,5.625000335276147,2.8125001676380736,2.0,0.5625000335276147,0.13513514,0.06756757,0.06756757,0.2898550724637681,1.562500093132263,0.3275862068965517,0.59322034,128.42973111936104,92.15014660245134,96.58799395667607,5.062500301748532,3.6572525322437306,1.4052477695048013,3.973896697689992,4.3115632669106585
75,Michael McGreevy,STL,4.984615530883071,1.2461538827207677,4.0,1.2461538827207677,0.14634146,0.03658537,0.1097561,0.189873417721519,0.8307692551471785,0.1875,0.86956522,63.06733505817693,105.95568987641353,105.25113138580382,2.4923077654415353,4.264944842637645,-1.7726370771961095,4.325026089405789,4.474703723230162
76,Chad Patrick,MIL,5.062500301748532,3.375000201165688,1.5,0.5625000335276147,0.14285714,0.0952381,0.04761905,0.21052631578947367,1.1250000670552294,0.23404255319148937,0.96385542,28.065577130963813,96.31905120346941,132.15654049458166,1.1250000670552294,3.969752550870183,-2.8447524838149536,5.415540930191483,5.455468600538094
77,Paul Skenes,PIT,9.000000506639509,3.5000001970264756,2.57142857,1.0000000562932787,0.25,0.09722222,0.15277778,0.15873015873015872,0.9444444976103189,0.18604651162790697,0.67901235,97.1882298372518,100.15352646151814,102.2005416226269,4.000000225173115,4.101697000051725,-0.10169677487861062,4.201381308668818,3.8494867474653027
78,Andrew Abbott,CIN,5.400000257492078,3.600000171661385,1.5,0.9000000429153463,0.13333333,0.08888889,0.04444445,0.3170731707317073,1.7000000810623208,0.35294117647058826,0.67307692,138.05134592180255,103.32926675921519,112.44130732859615,5.850000278949751,4.45725256443024,1.392747714519511,4.616454238361799,4.891978317618952
79,Shane Baz,BAL,7.312500435858991,2.8125001676380736,2.6,0.5625000335276147,0.18309859,0.07042254,0.11267606,0.3125,1.562500093132263,0.38,0.7421875,108.909675498969,89.27020168043343,108.71181091437757,4.5000002682209175,3.6572525322437306,0.8427477359771869,4.4950401810169325,4.365266148056699
80,Grant Taylor,CHW,9.0,0.0,5.0,0.0,0.3125,0.0,0.3125,0.0625,0.2,0.09090909090909091,1.0,0.0,28.24912009020435,75.48474750642634,0.0,1.1572525024414064,-1.1572525024414064,3.1028547242283824,2.7076888136863713
81,Luis Severino,ATH,11.17241397680766,7.44827598453844,1.5,0.931034498067305,0.27906977,0.18604651,0.09302326,0.24285714285714285,1.706896579790059,0.3409090909090909,0.69536424,129.6083608995631,107.12312956231798,102.51693878711868,5.58620698840383,4.502080110760847,1.0841268776429827,4.235480352441448,4.829170626900234
82,Clay Holmes,NYM,6.2608698248187284,3.5217392764605346,1.77777778,0.7826087281023411,0.17204301,0.09677419,0.07526882,0.1927710843373494,1.086956566808807,0.2153846153846154,0.90517241,50.103745330733254,102.81538590849576,99.63700071341948,1.9565218202558525,4.2007308065778615,-2.244208986322009,4.097477316904579,4.286899825285818
83,Chase Burns,CIN,9.918367539977396,4.408163351101065,2.25,1.6530612566628993,0.25714286,0.11428571,0.14285714,0.20967741935483872,1.2857143107378106,0.24390243902439024,0.89285714,78.01959674930802,111.62391131918736,98.19835402484573,3.3061225133257985,4.8103137591043055,-1.504191245778507,4.039166902140246,4.00633820546459
84,Noah Cameron,KCR,7.875000469386606,2.2500001341104587,3.5,1.1250000670552294,0.20895522,0.05970149,0.14925373,0.25396825396825395,1.2500000745058104,0.2978723404255319,0.75581395,91.18146277339004,91.98052123618217,98.5223827725968,3.937500234693303,3.7822525396943116,0.15524769499899138,4.068111881702207,4.148735712738949
85,Kodai Senga,NYM,12.214286546317956,4.500000306538194,2.71428571,1.285714373296627,0.296875,0.109375,0.1875,0.2982456140350877,1.7142858310621691,0.4166666666666667,0.61320755,181.08925580810242,92.87015258939397,83.21692534124574,7.071429053131448,3.80010968908972,3.271319364041728,3.4319480990517546,3.5370760207176204
86,Eduardo Rodriguez,ARI,5.478260869565218,3.5217391304347827,1.55555556,0.782608695652174,0.14583333,0.09375,0.05208333,0.21839080459770116,1.2173913043478262,0.23943661971830985,0.87301587,47.96379462993763,106.89516552283874,114.12649719758434,1.9565217391304348,4.244209024180536,-2.2876872850501018,4.684757402020952,5.022109391467319
87,Nathan Eovaldi,TEX,10.800000316913321,2.907692393015125,3.71428571,1.661538510294357,0.26804124,0.07216495,0.19587629,0.2808988764044944,1.4769231202616506,0.3559322033898305,0.72992701,130.6401158109186,102.48292094786136,78.08731801091187,5.400000158456661,4.264944842637645,1.1350553158190158,3.2119001960513467,3.2299262905685917
88,Brandon Woodruff,MIL,8.640000329589856,1.620000061798098,5.33333333,1.620000061798098,0.23188406,0.04347826,0.1884058,0.23076923076923078,1.080000041198732,0.2608695652173913,0.67567568,107.77181387036867,104.38523924646881,100.32120999129116,4.320000164794928,4.2972525459289574,0.022747618865970765,4.1252093007858015,3.7304362704092418
89,Spencer Arrighetti,HOU,15.0,6.0,2.5,0.0,0.37037037,0.14814815,0.22222222,0.09523809523809523,1.0,0.18181818181818182,0.875,35.98688213315883,69.15002411836362,96.46753994403821,1.5,2.8239191691080734,-1.3239191691080734,3.982015729695559,3.3062198613590073
90,Aaron Civale,ATH,6.893617301032585,2.872340542096911,2.4,1.1489362168387642,0.19354839,0.08064516,0.11290323,0.17543859649122806,0.9574468473656369,0.18604651162790697,0.98360656,39.98555911508564,101.02441864709508,105.41459913106867,1.7234043252581464,4.242358929455795,-2.518954604197649,4.356889835429185,4.357788129566133
91,Kyle Harrison,MIL,9.204545853551771,2.454545560947139,3.75,1.2272727804735695,0.25,0.06666667,0.18333333,0.2222222222222222,1.0909091381987286,0.2702702702702703,0.85526316,76.54248184018648,99.81757122617032,88.9820697673236,3.0681819511839237,4.111797998365294,-1.04361604718137,3.665617675696836,3.5459549523321714
92,Brady Singer,CIN,7.132075728365186,1.52830194179254,4.66666667,1.52830194179254,0.16666667,0.03571429,0.13095238,0.34177215189873417,1.6981132686583778,0.3870967741935484,0.71942446,132.24076522891303,107.36305684232961,89.3372605135756,5.6037737865726465,4.628950668612001,0.9748231179606455,3.680014066345703,3.784594445609577
93,Ranger Suarez,BOS,6.906976897372243,3.1395349533510197,2.2,1.255813981340408,0.18333333,0.08333333,0.1,0.2909090909090909,1.4651163115638093,0.3333333333333333,0.71428571,115.01173193031943,108.04502222821422,90.58175901261471,5.023255925361632,4.482833927189615,0.5404219981720164,3.735406557107339,4.224767736939343
94,Walker Buehler,SDP,7.815789865985161,3.5526317572659822,2.2,0.7105263514531964,0.20754717,0.09433962,0.11320755,0.23404255319148937,1.263157958139016,0.2857142857142857,0.64102564,127.95194412551993,94.79030008070822,90.30352974703027,4.973684460172375,3.8677788538946034,1.105905606277772,3.7191783449863562,3.8275906971569262
95,Jacob Latz,TEX,6.75,2.25,3.0,0.0,0.21428571,0.07142857,0.14285714,0.0,0.25,0.0,1.0,0.0,58.46235592623499,108.6351060143655,0.0,2.4072525024414064,-2.4072525024414064,4.491826311498881,4.188695347728718
96,Aaron Ashby,MIL,15.428573530547759,0.0,4.0,0.0,0.4,0.0,0.4,0.3,1.28571446087898,0.5,0.33333333,192.44968650347516,-8.13677878489208,35.93289264830697,7.714286765273879,-0.2713193932358733,7.985606158509753,1.5154584008139746,1.4407941261863713
97,Jack Leiter,TEX,12.88636419497248,3.681818341420709,3.5,1.8409091707103544,0.33333333,0.0952381,0.23809524,0.24561403508771928,1.3636364227484106,0.3333333333333333,0.75949367,118.76374330957675,100.46955832341298,73.91163215160586,4.909091121894278,4.179979819502714,0.7291113023915639,3.0369425401770003,2.956474640333253
98,Erick Fedde,CHW,7.2,1.8,4.0,0.9,0.19047619,0.04761905,0.14285714,0.23684210526315788,1.1,0.27586206896551724,0.68965517,85.65350156501077,95.55623530036588,107.03806229953793,3.6,4.057252502441407,-0.4572525024414067,4.424911549687385,4.0221307233257715
99,Zac Gallen,ARI,4.95,3.15,1.57142857,0.9,0.12941176,0.08235294,0.04705882,0.28205128205128205,1.45,0.3076923076923077,0.76335878,88.25338211908524,111.05953436595215,114.63643112971992,3.6,4.407252502441406,-0.8072525024414063,4.705425756052136,5.00832243774409
100,Reynaldo López,ATL,8.27419380293181,3.4838710749186568,2.375,1.3064516530944963,0.22619048,0.0952381,0.13095238,0.2,1.1129032600434599,0.22641509433962265,0.80808081,53.65355735554375,112.04250426292946,106.44330760327996,2.1774194218241605,4.512091253798662,-2.3346718319745015,4.3733467022882495,4.183472560360281
101,José Suarez,ATL,14.727275280913489,7.363637640456744,2.0,0.0,0.33333333,0.16666667,0.16666667,0.3333333333333333,2.1818185601353317,0.5555555555555556,0.5,241.9288022189735,57.36739844496515,65.6043224100258,9.818183520608992,2.3390705423906573,7.4791129782183345,2.718084027938457,3.7438933777166667
102,Gavin Williams,CLE,11.514706205331752,6.352941354665794,1.8125,1.1911765039998363,0.3258427,0.17977528,0.14606742,0.136986301369863,1.1470588557035462,0.17073170731707318,0.91743119,57.50692536781268,108.6626545685717,88.20305647400042,2.3823530079996726,4.436664303033823,-2.0543112950341507,3.6357409610350615,4.212446262478096
103,Jake Irvin,WSN,9.947368421052632,5.2105263157894735,1.90909091,1.4210526315789473,0.24137931,0.12643678,0.11494253,0.22666666666666666,1.4736842105263157,0.27450980392156865,0.64516129,152.48609062141213,118.85730089896302,113.76330116117413,6.157894736842105,4.894094607704565,1.2638001291375405,4.670036545474279,4.431685514516465
104,Kumar Rocker,TEX,8.590909463314986,4.295454731657493,2.0,1.2272727804735695,0.20895522,0.10447761,0.10447761,0.2542372881355932,1.5000000650232517,0.3023255813953488,0.79207921,103.91827539587968,111.77918994545522,106.4573204168547,4.295454731657493,4.657252567464658,-0.36179783580716496,4.400578962925411,4.273467271338096
105,Garrett Crochet,BOS,10.42105315464688,3.3157896401149167,3.14285714,1.4210527029063929,0.23913043,0.07608696,0.16304348,0.2839506172839506,1.57894744767377,0.35714285714285715,0.53691275,173.52647759830236,111.56752809052826,94.38784041073525,7.5789477488340955,4.630936786936925,2.948010961897171,3.894878103080579,3.65983545238091
106,Cade Cavalli,WSN,7.468085864055498,6.893617720666613,1.08333333,0.0,0.17567568,0.16216216,0.01351351,0.2542372881355932,1.7234044301666533,0.32608695652173914,0.66666667,113.80305135496234,105.97423067318282,139.18952155481097,4.595745147111075,4.370018582929052,0.22572656418202364,5.700597744980543,5.586726718698825
107,Anthony Kay,CHW,9.580646340234368,5.225807094673291,1.83333333,0.8709678491122153,0.24444444,0.13333333,0.11111111,0.16216216216216217,1.1612904654829537,0.2,0.95238095,41.44524779278177,108.35881642166197,110.29080688633147,1.7419356982244305,4.608865584295099,-2.8669298860706687,4.561198757882196,4.4086499290040795
108,Tatsuya Imai,HOU,13.500002522308565,11.423079057338017,1.18181818,0.0,0.29545455,0.25,0.04545455,0.21875,2.076923464970548,0.3684210526315789,0.63157895,174.39799984480285,104.81065717742788,123.45717238428381,7.269232127396919,4.311098871869489,2.9581332555274304,5.112858178998101,5.799359337890574
109,Brandon Young,BAL,3.6,3.6,1.0,0.0,0.11111111,0.11111111,0.0,0.125,0.8,0.14285714285714285,1.0,0.0,86.86862055520042,126.13153192080426,0.0,3.5572525024414063,-3.5572525024414063,5.224911549687386,5.6000785707812595
110,Nick Martinez,TBR,5.9400002265930265,2.160000082397464,2.75,1.620000061798098,0.16666667,0.06060606,0.10606061,0.1935483870967742,0.9600000366210951,0.1875,1.0,51.07466042921587,116.30881333014189,108.23495809849537,2.160000082397464,4.897252568817141,-2.7372524864196772,4.475060457044666,4.468306304025558
111,J.T. Ginn,ATH,6.7500002299036375,4.821428735645456,1.4,0.9642857471290911,0.2,0.14285714,0.05714286,0.1,0.8571428863369699,0.09090909090909091,0.90909091,44.74574443218869,110.7668519022116,111.32375915265112,1.9285714942581822,4.657252553531103,-2.728681059272921,4.604478571842009,4.947902684757628
112,Mason Englert,TBR,4.909091760304496,2.454545880152248,2.0,0.0,0.10526316,0.05263158,0.05263158,0.3888888888888889,2.1818185601353317,0.4375,0.5,174.1181841033443,69.08445733793178,133.59488354722967,7.363637640456744,2.8845251824244897,4.4791124580322546,5.537619581259091,5.894999778519105
113,Chris Sale,ATL,9.0,2.4545454545454546,3.66666667,1.6363636363636365,0.24719101,0.06741573,0.17977528,0.2125,1.0454545454545454,0.24074074074074073,0.88235294,80.64292008988299,117.98224092890727,94.77908221599515,3.272727272727273,4.748161593350497,-1.4754343206232243,3.9005789090286602,3.5295067422272997
114,Cody Ponce,TOR,11.571430147910819,3.8571433826369397,3.0,0.0,0.3,0.1,0.2,0.1111111111111111,0.8571429739193199,0.16666666666666666,0.5,92.56400868265416,45.44342082216465,88.74184732643032,3.8571433826369397,1.8715380415624265,1.9856053410745131,3.6583158356122745,3.3488141261863706
115,Shane McClanahan,TBR,8.560976008018681,7.243902776015807,1.18181818,0.658536616001437,0.22033898,0.18644068,0.03389831,0.10416666666666667,1.1707317617803323,0.11764705882352941,0.54794521,93.42925766506295,109.81932757704168,120.55769501581199,3.9512196960086214,4.620667204666821,-0.6694475086581999,4.9913725642414235,5.527697310621044
116,Foster Griffin,WSN,7.043478406895314,3.521739203447657,2.0,1.1739130678158858,0.19047619,0.0952381,0.0952381,0.19642857142857142,1.1086956751594477,0.21428571428571427,0.98684211,43.60388300476959,113.03514355987238,109.62665405798833,1.7608696017238286,4.6572525335394825,-2.896382931815654,4.502372302240544,4.555538134273317
117,Robbie Ray,SFG,9.671642341707278,4.029850975711366,2.4,1.6119403902845462,0.27272727,0.11363636,0.15909091,0.16666666666666666,1.0298508049040156,0.18,0.97701149,61.33957290822659,118.33353331161815,101.07690840090524,2.4179105854268195,4.679640648821255,-2.261730063394436,4.155838841764362,4.023675964761782
118,Tanner Bibee,CLE,8.836364249237356,2.9454547497457853,3.0,1.9636364998305234,0.2195122,0.07317073,0.14634146,0.3157894736842105,1.6363637498587695,0.37037037037037035,0.69672131,154.048860985243,122.56119535715261,87.72439242068899,6.381818624449201,5.011798085614679,1.3700205388345221,3.615685347768071,3.853076416620933
119,Logan Henderson,MIL,13.5,4.5,3.0,0.0,0.33333333,0.11111111,0.22222222,0.375,2.0,0.6,0.5,224.52460366500046,39.36314121414492,73.71862547143796,9.0,1.6572525024414064,7.342747497558594,3.046968375146389,3.220621782478939
120,Yusei Kikuchi,LAA,9.500000503328138,5.000000264909547,1.9,1.5000000794728638,0.21348315,0.11235955,0.1011236,0.3037974683544304,1.8888889889658287,0.3684210526315789,0.63758389,176.82546712555086,116.36598133205902,108.5570585121344,7.500000397364319,4.87947481591025,2.6205255814540696,4.488556188099447,4.482557108956486
121,Sonny Gray,BOS,4.868852535136059,1.770491830958567,2.75,1.3278688732189252,0.125,0.04545455,0.07954546,0.26506024096385544,1.2786885445811873,0.2753623188405797,0.70175439,101.3423041114353,113.94799757807768,102.82220039466543,4.426229577396417,4.731023018849021,-0.30479344145260434,4.24827055196419,4.268392001307301
122,Colin Rea,CHC,3.6,3.6,1.0,0.0,0.1,0.1,0.0,0.11764705882352941,0.8,0.13333333333333333,0.8,45.38254489786826,102.81244437214332,135.39914576906415,1.8,4.157252502441406,-2.3572525024414066,5.546968375146389,5.491569126186372
123,Zach Pop,PHI,4.5,0.0,1.0,0.0,0.11111111,0.0,0.11111111,0.3333333333333333,1.5,0.375,0.66666667,109.6324259602375,50.84153712425139,86.0547295309632,4.5,2.1572525024414064,2.3427474975585936,3.546968375146389,3.451584746446198
124,Sean Burke,CHW,6.2790699067020395,3.7674419440212237,1.66666667,1.255813981340408,0.15384615,0.09230769,0.06153846,0.27586206896551724,1.5348837549716097,0.30434782608695654,0.64356436,134.45608102012878,118.38775971339012,113.15900499248896,5.6511629160318355,5.040973474452018,0.6101894415798172,4.68137379837721,4.6866014719366955
125,Noah Schultz,CHW,8.307692917141027,8.307692917141027,1.0,0.0,0.2,0.2,0.0,0.1875,1.6153847338885332,0.25,0.42857143,148.24645589165996,96.09183725831015,114.12234375296413,6.230769687855771,4.080329493234854,2.1504401946209173,4.721736866152057,5.995724126186372
126,Ryne Nelson,ARI,8.409836985929816,3.540983994075712,2.375,1.770491997037856,0.22093023,0.09302326,0.12790698,0.16666666666666666,1.0327869982720828,0.16363636363636364,0.45454545,86.80661486298014,126.86593630249659,108.3538034242952,3.540983994075712,5.026105165981366,-1.4851211719056536,4.450781839499988,4.294991612518377
127,Mason Montgomery,PIT,9.0,0.0,1.0,0.0,0.25,0.0,0.25,0.25,1.0,0.3333333333333333,1.0,0.0,27.207197235799196,95.66988064963792,0.0,1.1572525024414064,-1.1572525024414064,3.936684247851372,3.436571626186371
128,Riley Martin,CHC,9.0,0.0,1.0,0.0,0.33333333,0.0,0.33333333,0.0,0.0,0.0,1.0,0.0,27.55089143761138,95.66988064963792,0.0,1.1572525024414064,-1.1572525024414064,3.936684247851372,4.601300792379037
129,Cole Sulser,TBR,4.5,4.5,1.0,0.0,0.11111111,0.11111111,0.0,0.375,2.0,0.42857142857142855,1.0,0.0,87.21485606559455,138.46865229759413,0.0,3.6572525024414064,-3.6572525024414064,5.741826311498881,5.796387212619284
130,Cade Horton,CHC,4.909091121894278,2.454545560947139,2.0,1.2272727804735695,0.15384615,0.07692308,0.07692308,0.16666666666666666,0.8181818536490464,0.15789473684210525,0.86956522,61.8852911797482,115.35603815914894,93.08854003634586,2.454545560947139,4.657252567464658,-2.202707006517519,3.8320588085377785,4.252125251120709
131,Cody Bolton,HOU,10.125000603497064,10.125000603497064,1.0,0.0,0.23076923,0.23076923,0.0,0.21052631578947367,1.8750001117587156,0.3076923076923077,0.63636364,161.94097925164925,117.60697886738537,141.93443346465745,6.750000402331376,4.844752603024251,1.9052477993071255,5.887039569678132,6.217225836660808
132,Zach Eflin,BAL,17.181821161065738,4.909091760304496,3.5,2.454545880152248,0.41176471,0.11764706,0.29411765,0.26666666666666666,1.6363639201014988,0.42857142857142855,1.0,59.40528430466061,110.01112836166338,42.801648598214015,2.454545880152248,4.520889102525989,-2.066343222373741,1.7334609134016752,2.4914507316798313
133,Tomoyuki Sugano,COL,6.480000247192392,1.620000061798098,4.0,2.160000082397464,0.19047619,0.04761905,0.14285714,0.16666666666666666,0.7800000297546398,0.13636363636363635,1.0,47.015587715909554,124.69200954914284,99.49390617839312,2.160000082397464,5.377252587127689,-3.217252504730225,4.091677490057468,3.974466326199885
134,Mason Fluharty,TOR,0.0,9.0,0.0,0.0,0.0,0.16666667,-0.16666667,0.4,3.0,0.4,0.66666667,215.98265750088714,146.27936983263592,281.05605048181457,9.0,6.157252502441406,2.8427474975585936,11.716115993261337,10.32813411632037
135,Martín Pérez,ATL,2.7,3.6,0.75,0.9,0.07692308,0.1025641,-0.02564103,0.2,1.1,0.1935483870967742,0.625,110.88401512358912,125.75923912924483,125.53026252144397,4.5,5.057252502441406,-0.5572525024414059,5.14696837514639,6.079499352387843
136,Kyle Leahy,STL,4.5,5.142857142857143,0.875,0.6428571428571429,0.109375,0.125,-0.015625,0.2909090909090909,1.7142857142857142,0.3191489361702128,0.72033898,130.13894153936843,124.83597271096518,133.636845189132,5.142857142857143,5.014395359584263,0.12846178327288005,5.475539803717817,5.7151683058738705
137,Chris Paddack,MIA,8.590909463314986,0.6136363902367847,14.0,2.454545560947139,0.21538462,0.01538462,0.2,0.31746031746031744,1.4318182438858311,0.35555555555555557,0.6097561,179.87862806221017,126.8527001147568,86.18675652586683,7.363636682841418,5.2027071365640225,2.160929546277395,3.5523196187102632,3.454306553338391
138,Jimmy Herget,COL,0.0,4.5,0.0,0.0,0.0,0.11111111,-0.11111111,0.14285714285714285,1.0,0.14285714285714285,0.66666667,97.94913733834836,142.98008618800532,219.03092124489035,4.5,6.157252502441406,-1.6572525024414064,8.936684247851371,8.098905728767654
139,Andre Pallante,STL,4.2,4.8,0.875,0.6,0.1,0.11428571,-0.01428571,0.25,1.5333333333333334,0.2692307692307692,0.6779661,121.46301210341049,126.75537593672588,143.90143149121258,4.8,5.09058583577474,-0.2905858357747402,5.891578216354052,5.7879953472039185
140,Simeon Woods Richardson,MIN,4.7903227280131535,3.0483871905538247,1.57142857,1.7419355374593284,0.11956522,0.07608696,0.04347826,0.3058823529411765,1.5967742426710512,0.3142857142857143,0.65693431,144.33963759984692,135.6899925667344,125.38038832643683,6.096774381107649,5.624994513842122,0.47177986726552756,5.193439277365301,5.294935872495793
141,Slade Cecconi,CLE,8.23728840188781,4.576271334382117,1.8,1.372881400314635,0.20454545,0.11363636,0.09090909,0.22666666666666666,1.372881400314635,0.25925925925925924,0.69767442,121.51180892421712,129.352924736532,115.84056413064773,5.033898467820328,5.292845791819728,-0.2589473239993998,4.793728826199793,4.535975549712127
142,Shane Drohan,MIL,6.750001609325793,13.500003218651585,0.5,0.0,0.13333333,0.26666667,-0.13333333,0.2727272727272727,2.6250006258489194,0.3333333333333333,0.57142857,252.59023934533153,150.19627865090087,176.17174597573552,10.125002413988689,6.157253217697314,3.9677491962913747,7.199540370726673,8.097327449782902
143,Shane Smith,CHW,11.880001812744418,9.720001483154523,1.22222222,1.080000164794947,0.2244898,0.18367347,0.04081633,0.3076923076923077,2.520000384521543,0.4074074074074074,0.48543689,256.96054390409967,133.15539134226157,139.49697022507544,10.80000164794947,5.6772528869629495,5.1227487609865205,5.784911950636398,5.415810307448754
144,Brayan Bello,BOS,5.522727871236787,5.522727871236787,1.0,1.2272728602748415,0.125,0.125,0.0,0.30158730158730157,1.909091115983087,0.3269230769230769,0.63492063,140.49729827484828,133.2748690819668,118.56616859207571,6.136364301374208,5.543616397420266,0.5927479039539421,4.907929315288155,5.171568735940777
145,Mike Burrows,HOU,7.363636682841418,2.8636364877716622,2.57142857,2.045454634122616,0.17475728,0.06796117,0.10679612,0.3473684210526316,1.818181896997881,0.3888888888888889,0.73529412,157.03367429737403,134.90978949430894,115.02460262057978,6.545454829192371,5.566343515963599,0.9791113132287723,4.7595407388064315,4.458267839282602
146,Cole Ragans,KCR,8.640000360488907,5.400000225305567,1.6,1.62000006759167,0.23880597,0.14925373,0.08955224,0.22807017543859648,1.3800000575780893,0.2631578947368421,0.79787234,87.53420269722085,130.16465406487535,107.75051595456556,3.780000157713897,5.377252595067029,-1.597252437353132,4.454762746736835,4.694312893154069
147,Bubba Chandler,PIT,9.000000613076388,7.714286239779761,1.16666667,1.285714373296627,0.22222222,0.19047619,0.03174603,0.19607843137254902,1.571428678473655,0.22857142857142856,0.78125,93.71722273710832,136.921624442058,134.62173460645172,3.8571431198898805,5.585824096446146,-1.7286809765562654,5.515458785130725,5.634875491122175
148,PJ Poulin,WSN,9.0,0.0,2.0,4.5,0.28571429,0.0,0.28571429,0.2857142857142857,1.0,0.25,1.0,111.43214314641654,186.78247877379934,61.38252141191272,4.5,7.657252502441406,-3.1572525024414064,2.546968375146389,2.2792463798216973
149,Zack Littell,WSN,8.1,2.7,3.0,2.7,0.20930233,0.06976744,0.13953488,0.25,1.3,0.25,1.0,89.14571451713324,149.90881078460248,85.09321441909573,3.6,6.157252502441406,-2.5572525024414063,3.507996787875891,3.6004691696440876
150,Brandon Pfaadt,ARI,5.9400002265930265,3.240000123596196,1.83333333,1.620000061798098,0.15068493,0.08219178,0.06849315,0.25757575757575757,1.3800000526428242,0.2692307692307692,0.60606061,145.61808605137983,137.3672426923185,116.10407852349628,5.9400002265930265,5.437252589416508,0.5027476371765189,4.764911611014714,4.6692419289098
151,Javier Assad,CHC,5.40000051498418,3.6000003433227867,1.5,1.8000001716613934,0.13333333,0.08888889,0.04444445,0.2926829268292683,1.600000152587905,0.30303030303030304,0.53030303,204.22147151648437,142.95194549106185,121.01314967219825,8.10000077247627,5.757252750396752,2.342748022079517,4.963883309251624,5.135375848332997
152,Ryan Feltner,COL,6.567567736846505,4.378378491231003,1.5,2.1891892456155015,0.16071429,0.10714286,0.05357143,0.3,1.7027027465898346,0.3157894736842105,0.6547619,158.8364430210578,146.78218344710072,123.70053425541131,7.2972974853850054,6.319414746108242,0.9778827392767635,5.072806862840572,5.093201415811194
153,Justin Verlander,DET,2.454545880152248,4.909091760304496,0.5,2.454545880152248,0.05263158,0.10526316,-0.05263158,0.35294117647058826,2.1818185601353317,0.3333333333333333,0.45454545,292.01929446495905,187.27904618604563,166.14057604493203,12.272729400761241,7.7936169427289865,4.4791124580322546,6.9012561813436735,7.105199224049725
154,Eury Pérez,MIA,9.0,4.95,1.81818182,1.8,0.21978022,0.12087912,0.0989011,0.2564102564102564,1.55,0.2962962962962963,0.65693431,131.91098819409987,139.2957730492196,123.20827093915122,5.4,5.707252502441406,-0.3072525024414059,5.052854724228382,4.632274262784967
155,Eric Lauer,TOR,8.526316217438357,6.394737163078768,1.33333333,2.131579054359589,0.21052632,0.15789474,0.05263158,0.22916666666666666,1.57894744767377,0.24242424242424243,0.56962025,187.56389619155303,153.7093907403125,134.80644459091855,7.815789865985161,6.473042142556324,1.342747723428837,5.588382949791731,5.385221379752379
156,Luinder Avila,KCR,12.0,9.0,1.33333333,3.0,0.22222222,0.16666667,0.05555556,0.5333333333333333,3.6666666666666665,0.7,0.625,347.35793271829084,188.7375933798372,140.01886650101451,15.0,7.823919169108073,7.176080830891927,5.806778956949712,5.181695846492642
157,Michael Lorenzen,COL,7.468085864055498,2.8723407169444224,2.6,2.2978725735555376,0.14606742,0.05617978,0.08988764,0.3902439024390244,2.361702367265414,0.4307692307692308,0.56886228,187.56219691101282,142.98009332420523,107.95945984526529,8.617022150833266,6.15725280680558,2.459769344027686,4.434798528353816,4.107324196358235
158,Merrill Kelly,ARI,5.062500301748532,6.750000402331376,0.75,1.687500100582844,0.125,0.16666667,-0.04166667,0.25,1.687500100582844,0.25,0.92105263,82.73755066818474,170.12417121429132,149.19797588247306,3.375000201165688,6.719752714782967,-3.3447525136172787,6.106254761140928,6.555870225933051
159,Brandon Williamson,CIN,5.869565704143831,5.282609133729448,1.11111111,1.7608697112431495,0.14925373,0.13432836,0.01492537,0.21052631578947367,1.369565330966894,0.20454545454545456,0.73033708,124.66175489158842,147.8647833017481,143.9611933807466,5.282609133729448,6.352904941364159,-1.0702958076347109,5.894000451495944,5.821104165430126
160,Jose Quintana,COL,3.3750004023314,9.000001072883734,0.375,1.1250001341104667,0.08108108,0.21621622,-0.13513514,0.2413793103448276,1.8750002235174446,0.24,0.73529412,122.43643626849602,163.4955698345522,200.5267799479496,5.625000670552334,7.0322529643774585,-1.4072522938251248,8.186684847406429,8.775550119439618
161,Dean Kremer,BAL,16.2,0.0,9.0,5.4,0.42857143,0.0,0.42857143,0.2857142857142857,1.2,0.3333333333333333,1.0,87.12773520595718,178.1286761164361,30.66418381447263,3.6,7.357252502441407,-3.7572525024414065,1.2249115496873857,1.2293212051993434
162,Roki Sasaki,LAD,10.384615384615385,6.923076923076923,1.5,2.076923076923077,0.23809524,0.15873016,0.07936508,0.2641509433962264,1.8461538461538463,0.3142857142857143,0.75757576,155.05410789571687,146.171415021303,118.6394051664118,6.230769230769231,6.157252502441406,0.07351672832782441,4.867672038078308,4.89303094091191
163,Chris Bassitt,BAL,4.090909445581388,5.727273223813944,0.71428571,0.8181818891162776,0.08196721,0.1147541,-0.03278689,0.37254901960784315,2.3636365685581353,0.4,0.61594203,217.8193568993226,149.30971744870462,159.37599664189918,9.000000780279054,6.157252762534425,2.842748017744629,6.617826106570947,5.95450109537359
164,Emmet Sheehan,LAD,8.400000534057652,3.6000002288818505,2.33333333,2.4000001525879004,0.21538462,0.09230769,0.12307692,0.2711864406779661,1.466666759914828,0.2926829268292683,0.67073171,164.24250991697988,141.3775038417541,89.70715184914627,6.600000419616726,5.957252680460623,0.6427477391561025,3.69500629297519,4.030894955092219
165,Colton Gordon,HOU,12.272729400761241,0.0,5.0,4.909091760304496,0.26315789,0.0,0.26315789,0.4444444444444444,2.1818185601353317,0.5454545454545454,0.80645161,235.5505420785854,201.3961986209928,76.44834636909394,9.818183520608992,8.33907158276282,1.479111937846172,3.143228690061992,2.734329424932487
166,Pete Fairbanks,MIA,9.0,9.0,1.0,9.0,0.14285714,0.14285714,0.0,0.5,4.0,0.5,0.38461538,659.5549409704994,421.67510845713485,203.97386424451457,27.0,17.157252502441406,9.842747497558594,8.326400120556354,6.4854912672076575
167,Ryan Johnson,LAA,5.40000051498418,10.80000102996836,0.5,2.70000025749209,0.0952381,0.19047619,-0.0952381,0.4117647058823529,3.3000003147125545,0.42857142857142855,0.52083333,381.9430251800464,224.2133516233476,203.71652810168456,16.20000154495254,9.457253103256283,6.742748441696255,8.475656342324385,7.515464051575629
168,Jacob Lopez,ATH,7.425000177025799,8.775000209212308,0.84615385,2.025000048279763,0.16176471,0.19117647,-0.02941177,0.2909090909090909,2.1750000518560424,0.3170731707317073,0.72580645,172.27111430367063,174.1676099284865,161.94067136057757,7.425000177025799,7.357252602577212,0.06774757444858714,6.7252837774731224,6.479219118897934
169,Jameson Taillon,CHC,9.180000350189223,3.240000123596196,2.83333333,2.70000010299683,0.23943662,0.08450704,0.15492958,0.234375,1.2600000480651874,0.23809523809523808,0.8,122.53287589850257,155.99727809838643,108.62629616384277,4.860000185394294,6.277252621459965,-1.417252436065671,4.461826361264424,4.046402232696714
170,Taijuan Walker,PHI,7.363636682841418,4.295454731657493,1.71428571,2.454545560947139,0.16901408,0.09859155,0.07042254,0.328125,1.9090909918477748,0.3541666666666667,0.66964286,179.39852298437788,156.0259273085027,106.45960909148948,7.363636682841418,6.498161738175012,0.8654749446664054,4.374007424998226,4.584454006417474
171,Patrick Corbin,TOR,6.75,2.25,3.0,4.5,0.14285714,0.04761905,0.0952381,0.3333333333333333,1.75,0.3076923076923077,0.80645161,215.98265750088714,246.27501518102167,161.01942267779248,9.0,10.407252502441406,-1.4072525024414055,6.686684247851372,5.195262250210538
172,George Klassen,LAA,11.571430147910819,19.2857169131847,0.6,1.9285716913184698,0.1875,0.3125,-0.125,0.3181818181818182,3.6428576391571097,0.4,0.64102564,272.8164577076649,232.2906921429617,190.16323012185586,11.571430147910819,9.800110550316136,1.7713195975946832,7.9077847821032705,8.424350923061372
173,Germán Márquez,SDP,6.923076923076923,2.769230769230769,2.5,3.4615384615384617,0.16949153,0.06779661,0.10169492,0.32727272727272727,1.6923076923076923,0.325,0.93333333,142.4812786145287,186.22965251787667,116.64395372304428,5.538461538461538,7.5418678870567915,-2.003406348595253,4.786793527580224,4.63767291135496
174,Matthew Liberatore,STL,5.142857142857143,3.4285714285714284,1.5,2.142857142857143,0.12765957,0.08510638,0.04255319,0.29069767441860467,1.5714285714285714,0.2898550724637681,0.88461538,108.44911794947367,156.02627512957648,123.78878878819471,4.285714285714286,6.252490597679502,-1.9667763119652166,5.076383945700668,5.241749556085906
175,Max Scherzer,TOR,7.838709918566978,3.4838710749186568,2.25,3.4838710749186568,0.19565217,0.08695652,0.10869565,0.2682926829268293,1.4516129478827737,0.25,0.48076923,229.91702957404007,187.26430570375058,130.8405177168374,9.580645456026307,7.8991881321918,1.6814573238345067,5.422214015480749,5.018669572468272
176,Cristian Javier,HOU,3.8571433826369397,8.678572610933115,0.44444444,1.9285716913184698,0.08333333,0.1875,-0.10416667,0.35135135135135137,2.35714317827813,0.3548387096774194,0.51886792,300.747555943573,208.1693986008492,194.01800488969175,12.535715993570054,8.621538961177071,3.914177032392983,8.069296538501591,7.561110692421475
177,Luis Gil,NYY,7.0,5.0,1.4,4.0,0.17073171,0.12195122,0.04878049,0.22857142857142856,1.4444444444444444,0.16666666666666666,0.83333333,168.8750007514576,221.16225588195292,127.92934961636585,7.0,9.379474724663629,-2.3794747246636287,5.30023856908083,5.0944390019757115
178,Brandon Sproat,MIL,9.0,12.0,0.75,9.0,0.16666667,0.22222222,-0.05555556,0.42857142857142855,3.3333333333333335,0.375,0.51724138,523.890741885001,445.75124722191816,194.35871312583984,21.0,18.157252502441406,2.8427474975585945,7.936684247851373,6.981016847203267
179,Miles Mikolas,WSN,8.027027233923505,5.1081082397695035,1.57142857,3.6486487426925027,0.1641791,0.10447761,0.05970149,0.36666666666666664,2.3513514119573906,0.38636363636363635,0.45454545,307.1913214566206,203.7244376243363,130.04025357509786,12.405405725154509,8.346441825381856,4.058963899772653,5.329764784445951,5.0092558618766265
180,Tyler Mahle,SFG,10.125000344855456,5.785714482774546,1.75,2.892857241387273,0.23863636,0.13636364,0.10227273,0.3157894736842105,1.9285714942581822,0.3673469387755102,0.76086957,183.47103976948995,178.12666657631274,94.22474583664678,7.232143103468183,7.014395490957771,0.2177476125104123,3.8781108600938614,4.324400140127915
181,Luis Morales,ATH,6.136363902367847,9.818182243788556,0.625,4.909091121894278,0.11904762,0.19047619,-0.07142857,0.3939393939393939,2.8636364877716622,0.375,0.73170732,284.7456490316678,296.48624910465963,199.95460982005469,12.272727804735695,12.56634381940544,-0.29361601466974463,8.318035193051866,7.212557586534973
